"CUSIP","Security Type","Security Term","Auction Date","Issue Date","Maturity Date","Price per $100"
"91282CGQ8","Note","7-Year","02/23/2023","02/28/2023","02/28/2030",""
"91282CGP0","Note","5-Year","02/22/2023","02/28/2023","02/29/2028",""
"91282CGF2","Note","1-Year 11-Month","02/22/2023","02/24/2023","01/31/2025",""
"91282CGN5","Note","2-Year","02/21/2023","02/28/2023","02/28/2025",""
"912796ZF9","Bill","13-Week","02/21/2023","02/23/2023","05/25/2023",""
"912796Z44","Bill","26-Week","02/21/2023","02/23/2023","08/24/2023",""
"912796Z28","Bill","52-Week","02/21/2023","02/23/2023","02/22/2024",""
"912810TP3","Bond","30-Year","02/16/2023","02/28/2023","02/15/2053","98.663518"
"912796Z77","Bill","4-Week","02/16/2023","02/21/2023","03/21/2023","99.649222"
"912796CU1","Bill","8-Week","02/16/2023","02/21/2023","04/18/2023","99.276667"
"912810TQ1","Bond","20-Year","02/15/2023","02/28/2023","02/15/2043","98.601167"
"912797FP7","Bill","17-Week","02/15/2023","02/21/2023","06/20/2023","98.413333"
"912796Y78","Bill","12-Day","02/14/2023","02/16/2023","02/28/2023","99.848667"
"912796W47","Bill","13-Week","02/13/2023","02/16/2023","05/18/2023","98.817000"
"912796Z36","Bill","26-Week","02/13/2023","02/16/2023","08/17/2023","97.553111"
"912810TN8","Bond","30-Year","02/09/2023","02/15/2023","02/15/2053","98.898317"
"912796Z69","Bill","4-Week","02/09/2023","02/14/2023","03/14/2023","99.648444"
"912796CT4","Bill","8-Week","02/09/2023","02/14/2023","04/11/2023","99.284444"
"91282CGM7","Note","10-Year","02/08/2023","02/15/2023","02/15/2033","99.058658"
"912797FN2","Bill","17-Week","02/08/2023","02/14/2023","06/13/2023","98.446389"
"91282CGL9","Note","3-Year","02/07/2023","02/15/2023","02/15/2026","99.795799"
"912796ZE2","Bill","13-Week","02/06/2023","02/09/2023","05/11/2023","98.839750"
"912796XY0","Bill","26-Week","02/06/2023","02/09/2023","08/10/2023","97.596083"
"912796Y86","Bill","4-Week","02/02/2023","02/07/2023","03/07/2023","99.650778"
"912796Z93","Bill","8-Week","02/02/2023","02/07/2023","04/04/2023","99.299222"
"912797FM4","Bill","17-Week","02/01/2023","02/07/2023","06/06/2023","98.471181"
"912796YW3","Bill","13-Week","01/30/2023","02/02/2023","05/04/2023","98.838486"
"912796Y37","Bill","26-Week","01/30/2023","02/02/2023","08/03/2023","97.634000"
"912796Y78","Bill","4-Week","01/26/2023","01/31/2023","02/28/2023","99.650000"
"912796Z85","Bill","8-Week","01/26/2023","01/31/2023","03/28/2023","99.296111"
"91282CGJ4","Note","7-Year","01/26/2023","01/31/2023","01/31/2030","99.895326"
"912797FG7","Bill","17-Week","01/25/2023","01/31/2023","05/30/2023","98.472833"
"91282CGF2","Note","2-Year","01/25/2023","01/31/2023","01/31/2025","100.000000"
"91282CGH8","Note","5-Year","01/25/2023","01/31/2023","01/31/2028","99.863589"
"91282CGG0","Note","2-Year","01/24/2023","01/31/2023","01/31/2025","99.973391"
"912796ZY8","Bill","52-Week","01/24/2023","01/26/2023","01/25/2024","95.480333"
"912796YV5","Bill","13-Week","01/23/2023","01/26/2023","04/27/2023","98.843542"
"912796Y29","Bill","26-Week","01/23/2023","01/26/2023","07/27/2023","97.631472"
"91282CGK1","Note","10-Year","01/19/2023","01/31/2023","01/15/2033","99.060103"
"912796Y60","Bill","4-Week","01/19/2023","01/24/2023","02/21/2023","99.651556"
"912796YK9","Bill","44-Day","01/19/2023","01/24/2023","03/09/2023","99.446944"
"912796Z77","Bill","8-Week","01/19/2023","01/24/2023","03/21/2023","99.296889"
"912810TM0","Bond","19-Year 10-Month","01/18/2023","01/31/2023","11/15/2042","104.489600"
"912797FF9","Bill","17-Week","01/18/2023","01/24/2023","05/23/2023","98.476139"
"912796V48","Bill","13-Week","01/17/2023","01/19/2023","04/20/2023","98.847333"
"912796ZZ5","Bill","26-Week","01/17/2023","01/19/2023","07/20/2023","97.631472"
"912796T33","Bill","35-Day","01/12/2023","01/19/2023","02/23/2023","99.563472"
"912796ZU6","Bill","4-Week","01/12/2023","01/17/2023","02/14/2023","99.660111"
"912796Z69","Bill","8-Week","01/12/2023","01/17/2023","03/14/2023","99.305444"
"912810TL2","Bond","29-Year 10-Month","01/12/2023","01/17/2023","11/15/2052","107.556697"
"912797FE2","Bill","17-Week","01/11/2023","01/17/2023","05/16/2023","98.453000"
"91282CFV8","Note","9-Year 10-Month","01/11/2023","01/17/2023","11/15/2032","104.515580"
"91282CGE5","Note","3-Year","01/10/2023","01/17/2023","01/15/2026","99.714294"
"912796YU7","Bill","13-Week","01/09/2023","01/12/2023","04/13/2023","98.847333"
"912796XQ7","Bill","26-Week","01/09/2023","01/12/2023","07/13/2023","97.618833"
"912796ZT9","Bill","4-Week","01/05/2023","01/10/2023","02/07/2023","99.681111"
"912796Y86","Bill","8-Week","01/05/2023","01/10/2023","03/07/2023","99.310889"
"912797FD4","Bill","17-Week","01/04/2023","01/10/2023","05/09/2023","98.489361"
"912796YN3","Bill","13-Week","01/03/2023","01/05/2023","04/06/2023","98.885250"
"912796ZS1","Bill","26-Week","01/03/2023","01/05/2023","07/06/2023","97.656750"
"912796ZM4","Bill","4-Week","12/29/2022","01/03/2023","01/31/2023","99.702111"
"912796Y78","Bill","8-Week","12/29/2022","01/03/2023","02/28/2023","99.338889"
"91282CGB1","Note","7-Year","12/29/2022","01/03/2023","12/31/2029","99.720458"
"912796CW7","Bill","17-Week","12/28/2022","01/03/2023","05/02/2023","98.495972"
"91282CGC9","Note","5-Year","12/28/2022","01/03/2023","12/31/2027","99.559582"
"91282CFS5","Note","1-Year 10-Month","12/28/2022","12/30/2022","10/31/2024","99.821106"
"91282CGD7","Note","2-Year","12/27/2022","01/03/2023","12/31/2024","99.767054"
"912796YM5","Bill","13-Week","12/27/2022","12/29/2022","03/30/2023","98.900417"
"912796ZR3","Bill","26-Week","12/27/2022","12/29/2022","06/29/2023","97.674444"
"912796ZN2","Bill","52-Week","12/27/2022","12/29/2022","12/28/2023","95.434833"
"91282CFR7","Note","4-Year 10-Month","12/22/2022","12/30/2022","10/15/2027","101.135096"
"912796ZL6","Bill","4-Week","12/22/2022","12/27/2022","01/24/2023","99.719222"
"912796Y60","Bill","8-Week","12/22/2022","12/27/2022","02/21/2023","99.380111"
"912810TM0","Bond","19-Year 11-Month","12/21/2022","01/03/2023","11/15/2042","100.882504"
"912796CV9","Bill","17-Week","12/21/2022","12/27/2022","04/25/2023","98.537292"
"912796U31","Bill","13-Week","12/19/2022","12/22/2022","03/23/2023","98.915583"
"912796ZQ5","Bill","26-Week","12/19/2022","12/22/2022","06/22/2023","97.699722"
"912796ZK8","Bill","4-Week","12/15/2022","12/20/2022","01/17/2023","99.706000"
"912796ZU6","Bill","8-Week","12/15/2022","12/20/2022","02/14/2023","99.368444"
"912796CU1","Bill","17-Week","12/14/2022","12/20/2022","04/18/2023","98.532333"
"912810TL2","Bond","29-Year 11-Month","12/13/2022","12/15/2022","11/15/2052","108.967370"
"912796YL7","Bill","13-Week","12/12/2022","12/15/2022","03/16/2023","98.920639"
"912796X53","Bill","26-Week","12/12/2022","12/15/2022","06/15/2023","97.659278"
"91282CGA3","Note","3-Year","12/12/2022","12/15/2022","12/15/2025","99.739942"
"91282CFV8","Note","9-Year 11-Month","12/12/2022","12/15/2022","11/15/2032","104.129208"
"912796ZJ1","Bill","4-Week","12/08/2022","12/13/2022","01/10/2023","99.716111"
"912796ZT9","Bill","8-Week","12/08/2022","12/13/2022","02/07/2023","99.387111"
"912796CT4","Bill","17-Week","12/07/2022","12/13/2022","04/11/2023","98.545556"
"912796YK9","Bill","13-Week","12/05/2022","12/08/2022","03/09/2023","98.920639"
"912796ZP7","Bill","26-Week","12/05/2022","12/08/2022","06/08/2023","97.689611"
"912796ZH5","Bill","4-Week","12/01/2022","12/06/2022","01/03/2023","99.692778"
"912796ZM4","Bill","8-Week","12/01/2022","12/06/2022","01/31/2023","99.365333"
"912796Z93","Bill","17-Week","11/30/2022","12/06/2022","04/04/2023","98.535639"
"912796ZD4","Bill","52-Week","11/29/2022","12/01/2022","11/30/2023","95.394389"
"912796YB9","Bill","13-Week","11/28/2022","12/01/2022","03/02/2023","98.916847"
"912796ZG7","Bill","26-Week","11/28/2022","12/01/2022","06/01/2023","97.699722"
"912796ZA0","Bill","4-Week","11/23/2022","11/29/2022","12/27/2022","99.691222"
"912796ZL6","Bill","8-Week","11/23/2022","11/29/2022","01/24/2023","99.359111"
"912796Z85","Bill","17-Week","11/23/2022","11/29/2022","03/28/2023","98.545556"
"91282CFY2","Note","7-Year","11/22/2022","11/30/2022","11/30/2029","99.908851"
"91282CFS5","Note","1-Year 11-Month","11/22/2022","11/25/2022","10/31/2024","99.848062"
"91282CFX4","Note","2-Year","11/21/2022","11/30/2022","11/30/2024","99.990539"
"91282CFZ9","Note","5-Year","11/21/2022","11/30/2022","11/30/2027","99.555059"
"912796T33","Bill","13-Week","11/21/2022","11/25/2022","02/23/2023","98.945000"
"912796ZF9","Bill","26-Week","11/21/2022","11/25/2022","05/25/2023","97.727444"
"91282CEZ0","Note","9-Year 8-Month","11/17/2022","11/30/2022","07/15/2032","94.294626"
"912796X61","Bill","16-Day","11/17/2022","11/22/2022","12/08/2022","99.831111"
"912796YZ6","Bill","4-Week","11/17/2022","11/22/2022","12/20/2022","99.704833"
"912796ZK8","Bill","8-Week","11/17/2022","11/22/2022","01/17/2023","99.374667"
"912810TM0","Bond","20-Year","11/16/2022","11/30/2022","11/15/2042","99.019661"
"912796Z77","Bill","17-Week","11/16/2022","11/22/2022","03/21/2023","98.572000"
"912796YA1","Bill","13-Week","11/14/2022","11/17/2022","02/16/2023","98.949708"
"912796W47","Bill","26-Week","11/14/2022","11/17/2022","05/18/2023","97.755333"
"912796YY9","Bill","4-Week","11/10/2022","11/15/2022","12/13/2022","99.721556"
"912796ZJ1","Bill","8-Week","11/10/2022","11/15/2022","01/10/2023","99.401111"
"912810TL2","Bond","30-Year","11/10/2022","11/15/2022","11/15/2052","98.622933"
"912796Z69","Bill","17-Week","11/09/2022","11/15/2022","03/14/2023","98.578611"
"91282CFV8","Note","10-Year","11/09/2022","11/15/2022","11/15/2032","99.878189"
"91282CFW6","Note","3-Year","11/08/2022","11/15/2022","11/15/2025","99.708904"
"912796XZ7","Bill","13-Week","11/07/2022","11/10/2022","02/09/2023","98.958556"
"912796ZE2","Bill","26-Week","11/07/2022","11/10/2022","05/11/2023","97.730056"
"912796YX1","Bill","4-Week","11/03/2022","11/08/2022","12/06/2022","99.718444"
"912796ZH5","Bill","8-Week","11/03/2022","11/08/2022","01/03/2023","99.396444"
"912796Y86","Bill","17-Week","11/02/2022","11/08/2022","03/07/2023","98.585222"
"912796YT0","Bill","52-Week","11/01/2022","11/03/2022","11/02/2023","95.444944"
"912796XT1","Bill","13-Week","10/31/2022","11/03/2022","02/02/2023","98.971194"
"912796YW3","Bill","26-Week","10/31/2022","11/03/2022","05/04/2023","97.755333"
"912796YS2","Bill","4-Week","10/27/2022","11/01/2022","11/29/2022","99.720000"
"912796ZA0","Bill","8-Week","10/27/2022","11/01/2022","12/27/2022","99.405778"
"91282CFT3","Note","7-Year","10/27/2022","10/31/2022","10/31/2029","99.836721"
"912796Y78","Bill","17-Week","10/26/2022","11/01/2022","02/28/2023","98.618278"
"91282CFS5","Note","2-Year","10/26/2022","10/31/2022","10/31/2024","100.000000"
"91282CFU0","Note","5-Year","10/26/2022","10/31/2022","10/31/2027","99.700589"
"91282CFQ9","Note","2-Year","10/25/2022","10/31/2022","10/31/2024","99.839071"
"912796S34","Bill","13-Week","10/24/2022","10/27/2022","01/26/2023","98.988889"
"912796YV5","Bill","26-Week","10/24/2022","10/27/2022","04/27/2023","97.780611"
"91282CFR7","Note","5-Year","10/20/2022","10/31/2022","10/15/2027","99.475435"
"912796YR4","Bill","4-Week","10/20/2022","10/25/2022","11/22/2022","99.733222"
"912796YZ6","Bill","8-Week","10/20/2022","10/25/2022","12/20/2022","99.426000"
"912810TK4","Bond","19-Year 10-Month","10/19/2022","10/31/2022","08/15/2042","86.599384"
"912796Y60","Bill","17-Week","10/19/2022","10/25/2022","02/21/2023","98.631500"
"912796XS3","Bill","13-Week","10/17/2022","10/20/2022","01/19/2023","99.034389"
"912796V48","Bill","26-Week","10/17/2022","10/20/2022","04/20/2023","97.853917"
"912796YQ6","Bill","4-Week","10/13/2022","10/18/2022","11/15/2022","99.747222"
"912796YY9","Bill","8-Week","10/13/2022","10/18/2022","12/13/2022","99.458667"
"912810TJ7","Bond","29-Year 10-Month","10/13/2022","10/17/2022","08/15/2052","83.740689"
"912796ZU6","Bill","119-Day","10/12/2022","10/18/2022","02/14/2023","98.714139"
"91282CFF3","Note","9-Year 10-Month","10/12/2022","10/17/2022","08/15/2032","90.449122"
"91282CFP1","Note","3-Year","10/11/2022","10/17/2022","10/15/2025","99.810402"
"912796XR5","Bill","13-Week","10/11/2022","10/13/2022","01/12/2023","99.112750"
"912796YU7","Bill","26-Week","10/11/2022","10/13/2022","04/13/2023","97.962611"
"912796YP8","Bill","4-Week","10/06/2022","10/11/2022","11/08/2022","99.772889"
"912796YX1","Bill","8-Week","10/06/2022","10/11/2022","12/06/2022","99.497556"
"912796ZT9","Bill","119-Day","10/05/2022","10/11/2022","02/07/2023","98.776944"
"912796YJ2","Bill","52-Week","10/04/2022","10/06/2022","10/05/2023","96.001056"
"912796X95","Bill","13-Week","10/03/2022","10/06/2022","01/05/2023","99.155722"
"912796YN3","Bill","26-Week","10/03/2022","10/06/2022","04/06/2023","98.053611"
"912796YG8","Bill","4-Week","09/29/2022","10/04/2022","11/01/2022","99.793111"
"912796YS2","Bill","8-Week","09/29/2022","10/04/2022","11/29/2022","99.523222"
"912796ZM4","Bill","119-Day","09/28/2022","10/04/2022","01/31/2023","98.813306"
"91282CFD8","Note","1-Year 10-Month","09/28/2022","09/30/2022","07/31/2024","99.899772"
"91282CFL0","Note","7-Year","09/28/2022","09/30/2022","09/30/2029","99.860277"
"91282CFM8","Note","5-Year","09/27/2022","09/30/2022","09/30/2027","99.540144"
"91282CFN6","Note","2-Year","09/26/2022","09/30/2022","09/30/2024","99.924113"
"912796R27","Bill","13-Week","09/26/2022","09/29/2022","12/29/2022","99.173417"
"912796YM5","Bill","26-Week","09/26/2022","09/29/2022","03/30/2023","98.053611"
"91282CEZ0","Note","9-Year 10-Month","09/22/2022","09/30/2022","07/15/2032","96.133470"
"912796YF0","Bill","4-Week","09/22/2022","09/27/2022","10/25/2022","99.793111"
"912796YR4","Bill","8-Week","09/22/2022","09/27/2022","11/22/2022","99.534889"
"912796ZL6","Bill","119-Day","09/21/2022","09/27/2022","01/24/2023","98.813306"
"912810TK4","Bond","19-Year 11-Month","09/20/2022","09/30/2022","08/15/2042","93.835989"
"912796X87","Bill","13-Week","09/19/2022","09/22/2022","12/22/2022","99.173417"
"912796U31","Bill","26-Week","09/19/2022","09/22/2022","03/23/2023","98.089000"
"912796YE3","Bill","4-Week","09/15/2022","09/20/2022","10/18/2022","99.792333"
"912796YQ6","Bill","8-Week","09/15/2022","09/20/2022","11/15/2022","99.545000"
"912796ZK8","Bill","119-Day","09/14/2022","09/20/2022","01/17/2023","98.826528"
"912810TJ7","Bond","29-Year 11-Month","09/13/2022","09/15/2022","08/15/2052","90.579948"
"912796X79","Bill","13-Week","09/12/2022","09/15/2022","12/15/2022","99.222708"
"912796YL7","Bill","26-Week","09/12/2022","09/15/2022","03/16/2023","98.248250"
"91282CFK2","Note","3-Year","09/12/2022","09/15/2022","09/15/2025","99.819428"
"91282CFF3","Note","9-Year 11-Month","09/12/2022","09/15/2022","08/15/2032","95.132618"
"912796YD5","Bill","4-Week","09/08/2022","09/13/2022","10/11/2022","99.805556"
"912796YP8","Bill","8-Week","09/08/2022","09/13/2022","11/08/2022","99.569889"
"912796ZJ1","Bill","119-Day","09/07/2022","09/13/2022","01/10/2023","98.943875"
"912796X61","Bill","13-Week","09/06/2022","09/08/2022","12/08/2022","99.250514"
"912796YK9","Bill","26-Week","09/06/2022","09/08/2022","03/09/2023","98.321556"
"912796YH6","Bill","52-Week","09/06/2022","09/08/2022","09/07/2023","96.501556"
"912796YC7","Bill","4-Week","09/01/2022","09/06/2022","10/04/2022","99.807889"
"912796YG8","Bill","8-Week","09/01/2022","09/06/2022","11/01/2022","99.575333"
"912796ZH5","Bill","119-Day","08/31/2022","09/06/2022","01/03/2023","98.975278"
"912796P94","Bill","13-Week","08/29/2022","09/01/2022","12/01/2022","99.272000"
"912796YB9","Bill","26-Week","08/29/2022","09/01/2022","03/02/2023","98.364528"
"91282CFJ5","Note","7-Year","08/25/2022","08/31/2022","08/31/2029","99.968787"
"912796XX2","Bill","4-Week","08/25/2022","08/30/2022","09/27/2022","99.820333"
"912796YF0","Bill","8-Week","08/25/2022","08/30/2022","10/25/2022","99.594000"
"91282CFH9","Note","5-Year","08/24/2022","08/31/2022","08/31/2027","99.518772"
"912796ZA0","Bill","119-Day","08/24/2022","08/30/2022","12/27/2022","99.018250"
"91282CFD8","Note","1-Year 11-Month","08/24/2022","08/26/2022","07/31/2024","99.898407"
"91282CFG1","Note","2-Year","08/23/2022","08/31/2022","08/31/2024","99.890561"
"912796U49","Bill","21-Day","08/23/2022","08/25/2022","09/15/2022","99.871667"
"912796W70","Bill","13-Week","08/22/2022","08/25/2022","11/25/2022","99.299778"
"912796T33","Bill","26-Week","08/22/2022","08/25/2022","02/23/2023","98.427722"
"912810TE8","Bond","29-Year 6-Month","08/18/2022","08/31/2022","02/15/2052","84.615251"
"912796XW4","Bill","4-Week","08/18/2022","08/23/2022","09/20/2022","99.832778"
"912796YE3","Bill","8-Week","08/18/2022","08/23/2022","10/18/2022","99.612667"
"912810TK4","Bond","20-Year","08/17/2022","08/31/2022","08/15/2042","99.925621"
"912796YZ6","Bill","119-Day","08/17/2022","08/23/2022","12/20/2022","99.044694"
"912796W62","Bill","13-Week","08/15/2022","08/18/2022","11/17/2022","99.340250"
"912796YA1","Bill","26-Week","08/15/2022","08/18/2022","02/16/2023","98.473222"
"912796XV6","Bill","4-Week","08/11/2022","08/16/2022","09/13/2022","99.832778"
"912796YD5","Bill","8-Week","08/11/2022","08/16/2022","10/11/2022","99.622000"
"912810TJ7","Bond","30-Year","08/11/2022","08/15/2022","08/15/2052","97.941002"
"912796YY9","Bill","119-Day","08/10/2022","08/16/2022","12/13/2022","99.081056"
"91282CFF3","Note","10-Year","08/10/2022","08/15/2022","08/15/2032","99.956556"
"91282CFE6","Note","3-Year","08/09/2022","08/15/2022","08/15/2025","99.781411"
"912796XY0","Bill","52-Week","08/09/2022","08/11/2022","08/10/2023","96.764444"
"912796W54","Bill","13-Week","08/08/2022","08/11/2022","11/10/2022","99.347833"
"912796XZ7","Bill","26-Week","08/08/2022","08/11/2022","02/09/2023","98.463111"
"912796XU8","Bill","4-Week","08/04/2022","08/09/2022","09/06/2022","99.835889"
"912796YC7","Bill","8-Week","08/04/2022","08/09/2022","10/04/2022","99.645333"
"912796YX1","Bill","119-Day","08/03/2022","08/09/2022","12/06/2022","99.097583"
"912796N96","Bill","13-Week","08/01/2022","08/04/2022","11/03/2022","99.370583"
"912796XT1","Bill","26-Week","08/01/2022","08/04/2022","02/02/2023","98.559167"
"912796XP9","Bill","4-Week","07/28/2022","08/02/2022","08/30/2022","99.833556"
"912796XX2","Bill","8-Week","07/28/2022","08/02/2022","09/27/2022","99.656222"
"91282CFC0","Note","7-Year","07/28/2022","08/01/2022","07/31/2029","99.335208"
"912796YS2","Bill","119-Day","07/27/2022","08/02/2022","11/29/2022","99.110806"
"91282CFD8","Note","2-Year","07/27/2022","08/01/2022","07/31/2024","99.999954"
"91282CFB2","Note","5-Year","07/26/2022","08/01/2022","07/31/2027","99.491044"
"91282CFA4","Note","2-Year","07/25/2022","08/01/2022","07/31/2024","99.971015"
"912796V71","Bill","13-Week","07/25/2022","07/28/2022","10/27/2022","99.363000"
"912796S34","Bill","26-Week","07/25/2022","07/28/2022","01/26/2023","98.523778"
"91282CEZ0","Note","10-Year","07/21/2022","07/29/2022","07/15/2032","100.446487"
"912796XN4","Bill","4-Week","07/21/2022","07/26/2022","08/23/2022","99.835111"
"912796XW4","Bill","8-Week","07/21/2022","07/26/2022","09/20/2022","99.653111"
"912810TH1","Bond","19-Year 10-Month","07/20/2022","08/01/2022","05/15/2042","97.563393"
"912796YR4","Bill","119-Day","07/20/2022","07/26/2022","11/22/2022","99.100889"
"912796V63","Bill","13-Week","07/18/2022","07/21/2022","10/20/2022","99.375639"
"912796XS3","Bill","26-Week","07/18/2022","07/21/2022","01/19/2023","98.528833"
"912796XM6","Bill","4-Week","07/14/2022","07/19/2022","08/16/2022","99.846000"
"912796XV6","Bill","8-Week","07/14/2022","07/19/2022","09/13/2022","99.646889"
"91282CEL1","Note","1-Year 10-Month","07/14/2022","07/18/2022","04/30/2024","99.884582"
"912796YQ6","Bill","119-Day","07/13/2022","07/19/2022","11/15/2022","99.140556"
"912810TG3","Bond","29-Year 10-Month","07/13/2022","07/15/2022","05/15/2052","95.354138"
"91282CEP2","Note","9-Year 10-Month","07/12/2022","07/15/2022","05/15/2032","99.274623"
"912796XQ7","Bill","52-Week","07/12/2022","07/14/2022","07/13/2023","97.007111"
"91282CEY3","Note","3-Year","07/11/2022","07/15/2022","07/15/2025","99.735500"
"912796V55","Bill","13-Week","07/11/2022","07/14/2022","10/13/2022","99.466639"
"912796XR5","Bill","26-Week","07/11/2022","07/14/2022","01/12/2023","98.642583"
"912796XL8","Bill","4-Week","07/07/2022","07/12/2022","08/09/2022","99.881000"
"912796XU8","Bill","8-Week","07/07/2022","07/12/2022","09/06/2022","99.713778"
"912796YP8","Bill","119-Day","07/06/2022","07/12/2022","11/08/2022","99.262861"
"912796M89","Bill","13-Week","07/05/2022","07/07/2022","10/06/2022","99.532361"
"912796X95","Bill","26-Week","07/05/2022","07/07/2022","01/05/2023","98.736111"
"912796X46","Bill","4-Week","06/30/2022","07/05/2022","08/02/2022","99.903556"
"912796XP9","Bill","8-Week","06/30/2022","07/05/2022","08/30/2022","99.743333"
"912796YG8","Bill","119-Day","06/29/2022","07/05/2022","11/01/2022","99.277736"
"91282CEV9","Note","7-Year","06/28/2022","06/30/2022","06/30/2029","99.813719"
"912796U64","Bill","13-Week","06/27/2022","06/30/2022","09/29/2022","99.557639"
"912796R27","Bill","26-Week","06/27/2022","06/30/2022","12/29/2022","98.736111"
"91282CEX5","Note","2-Year","06/27/2022","06/30/2022","06/30/2024","99.838282"
"91282CEW7","Note","5-Year","06/27/2022","06/30/2022","06/30/2027","99.903859"
"91282CEJ6","Note","4-Year 10-Month","06/23/2022","06/30/2022","04/15/2027","101.224234"
"912796X38","Bill","4-Week","06/23/2022","06/28/2022","07/26/2022","99.914444"
"912796XN4","Bill","8-Week","06/23/2022","06/28/2022","08/23/2022","99.766667"
"912810TH1","Bond","19-Year 11-Month","06/22/2022","06/30/2022","05/15/2042","96.603091"
"912796YF0","Bill","119-Day","06/22/2022","06/28/2022","10/25/2022","99.319056"
"91282CEL1","Note","1-Year 10-Month","06/22/2022","06/24/2022","04/30/2024","99.866853"
"912796U56","Bill","13-Week","06/21/2022","06/23/2022","09/22/2022","99.577861"
"912796X87","Bill","26-Week","06/21/2022","06/23/2022","12/22/2022","98.791722"
"912796X20","Bill","4-Week","06/16/2022","06/21/2022","07/19/2022","99.908222"
"912796XM6","Bill","8-Week","06/16/2022","06/21/2022","08/16/2022","99.771333"
"912796YE3","Bill","119-Day","06/15/2022","06/21/2022","10/18/2022","99.309139"
"912796X53","Bill","52-Week","06/14/2022","06/16/2022","06/15/2023","96.946444"
"912796U49","Bill","13-Week","06/13/2022","06/16/2022","09/15/2022","99.585444"
"912796X79","Bill","26-Week","06/13/2022","06/16/2022","12/15/2022","98.908000"
"912810TG3","Bond","29-Year 11-Month","06/09/2022","06/15/2022","05/15/2052","94.045539"
"912796W96","Bill","4-Week","06/09/2022","06/14/2022","07/12/2022","99.919111"
"912796XL8","Bill","8-Week","06/09/2022","06/14/2022","08/09/2022","99.821111"
"91282CEP2","Note","9-Year 11-Month","06/08/2022","06/15/2022","05/15/2032","98.677928"
"912796YD5","Bill","119-Day","06/08/2022","06/14/2022","10/11/2022","99.500861"
"91282CEU1","Note","3-Year","06/07/2022","06/15/2022","06/15/2025","99.851689"
"912796M71","Bill","13-Week","06/06/2022","06/09/2022","09/08/2022","99.689083"
"912796X61","Bill","26-Week","06/06/2022","06/09/2022","12/08/2022","99.135500"
"912796W88","Bill","4-Week","06/02/2022","06/07/2022","07/05/2022","99.933111"
"912796X46","Bill","8-Week","06/02/2022","06/07/2022","08/02/2022","99.838222"
"912796YC7","Bill","119-Day","06/01/2022","06/07/2022","10/04/2022","99.540528"
"912796T66","Bill","13-Week","05/31/2022","06/02/2022","09/01/2022","99.716889"
"912796P94","Bill","26-Week","05/31/2022","06/02/2022","12/01/2022","99.201222"
"912796W39","Bill","4-Week","05/26/2022","05/31/2022","06/28/2022","99.942444"
"912796X38","Bill","8-Week","05/26/2022","05/31/2022","07/26/2022","99.857667"
"91282CES6","Note","7-Year","05/26/2022","05/31/2022","05/31/2029","99.829306"
"912796XX2","Bill","119-Day","05/25/2022","05/31/2022","09/27/2022","99.576889"
"91282CET4","Note","5-Year","05/25/2022","05/31/2022","05/31/2027","99.484571"
"91282CEL1","Note","1-Year 11-Month","05/25/2022","05/27/2022","04/30/2024","99.854908"
"91282CER8","Note","2-Year","05/24/2022","05/31/2022","05/31/2024","99.963167"
"912796T58","Bill","13-Week","05/23/2022","05/26/2022","08/25/2022","99.732056"
"912796W70","Bill","26-Week","05/23/2022","05/26/2022","11/25/2022","99.222250"
"91282CDX6","Note","9-Year 8-Month","05/19/2022","05/31/2022","01/15/2032","102.616800"
"912796W21","Bill","4-Week","05/19/2022","05/24/2022","06/21/2022","99.950222"
"912796X20","Bill","8-Week","05/19/2022","05/24/2022","07/19/2022","99.860000"
"912810TH1","Bond","20-Year","05/18/2022","05/31/2022","05/15/2042","99.416025"
"912796XW4","Bill","119-Day","05/18/2022","05/24/2022","09/20/2022","99.586806"
"912796W47","Bill","52-Week","05/18/2022","05/19/2022","05/18/2023","97.876667"
"912796T41","Bill","13-Week","05/16/2022","05/19/2022","08/18/2022","99.734583"
"912796W62","Bill","26-Week","05/16/2022","05/19/2022","11/17/2022","99.246722"
"912796V97","Bill","4-Week","05/12/2022","05/17/2022","06/14/2022","99.953333"
"912796W96","Bill","8-Week","05/12/2022","05/17/2022","07/12/2022","99.882556"
"912810TG3","Bond","30-Year","05/12/2022","05/16/2022","05/15/2052","97.596896"
"912796XV6","Bill","119-Day","05/11/2022","05/17/2022","09/13/2022","99.616556"
"91282CEP2","Note","10-Year","05/11/2022","05/16/2022","05/15/2032","99.414646"
"91282CEQ0","Note","3-Year","05/10/2022","05/16/2022","05/15/2025","99.831427"
"912796L64","Bill","13-Week","05/09/2022","05/12/2022","08/11/2022","99.772500"
"912796W54","Bill","26-Week","05/09/2022","05/12/2022","11/10/2022","99.299806"
"912796V89","Bill","4-Week","05/05/2022","05/10/2022","06/07/2022","99.961889"
"912796W88","Bill","8-Week","05/05/2022","05/10/2022","07/05/2022","99.889556"
"912796XU8","Bill","119-Day","05/04/2022","05/10/2022","09/06/2022","99.595069"
"912796S67","Bill","13-Week","05/02/2022","05/05/2022","08/04/2022","99.769972"
"912796N96","Bill","26-Week","05/02/2022","05/05/2022","11/03/2022","99.282111"
"912796V30","Bill","4-Week","04/28/2022","05/03/2022","05/31/2022","99.962667"
"912796W39","Bill","8-Week","04/28/2022","05/03/2022","06/28/2022","99.889556"
"91282CEM9","Note","7-Year","04/28/2022","05/02/2022","04/30/2029","99.792275"
"912796XP9","Bill","119-Day","04/27/2022","05/03/2022","08/30/2022","99.633083"
"91282CEL1","Note","2-Year","04/27/2022","05/02/2022","04/30/2024","99.999991"
"91282CEN7","Note","5-Year","04/27/2022","05/02/2022","04/30/2027","99.837649"
"91282CEK3","Note","2-Year","04/26/2022","05/02/2022","04/30/2024","99.835616"
"912796S59","Bill","13-Week","04/25/2022","04/28/2022","07/28/2022","99.775028"
"912796V71","Bill","26-Week","04/25/2022","04/28/2022","10/27/2022","99.307389"
"91282CEJ6","Note","5-Year","04/21/2022","04/29/2022","04/15/2027","102.762649"
"912796V22","Bill","4-Week","04/21/2022","04/26/2022","05/24/2022","99.961111"
"912796W21","Bill","8-Week","04/21/2022","04/26/2022","06/21/2022","99.902778"
"912810TF5","Bond","19-Year 10-Month","04/20/2022","05/02/2022","02/15/2042","89.399717"
"912796XN4","Bill","119-Day","04/20/2022","04/26/2022","08/23/2022","99.646306"
"912796V48","Bill","52-Week","04/19/2022","04/21/2022","04/20/2023","98.109222"
"912796S42","Bill","13-Week","04/18/2022","04/21/2022","07/21/2022","99.782611"
"912796V63","Bill","26-Week","04/18/2022","04/21/2022","10/20/2022","99.368056"
"912796U98","Bill","4-Week","04/14/2022","04/19/2022","05/17/2022","99.971222"
"912796V97","Bill","8-Week","04/14/2022","04/19/2022","06/14/2022","99.911333"
"912796XM6","Bill","119-Day","04/13/2022","04/19/2022","08/16/2022","99.681014"
"912810TD0","Bond","29-Year 10-Month","04/13/2022","04/18/2022","02/15/2052","88.643787"
"91282CDY4","Note","9-Year 10-Month","04/12/2022","04/18/2022","02/15/2032","92.751781"
"91282CEH0","Note","3-Year","04/11/2022","04/18/2022","04/15/2025","99.677225"
"912796K57","Bill","13-Week","04/11/2022","04/14/2022","07/14/2022","99.801569"
"912796V55","Bill","26-Week","04/11/2022","04/14/2022","10/13/2022","99.383222"
"912796U80","Bill","4-Week","04/07/2022","04/12/2022","05/10/2022","99.984056"
"912796V89","Bill","8-Week","04/07/2022","04/12/2022","06/07/2022","99.922222"
"912796XL8","Bill","119-Day","04/06/2022","04/12/2022","08/09/2022","99.699194"
"912796R68","Bill","13-Week","04/04/2022","04/07/2022","07/07/2022","99.830639"
"912796M89","Bill","26-Week","04/04/2022","04/07/2022","10/06/2022","99.438833"
"912796U72","Bill","4-Week","03/31/2022","04/05/2022","05/03/2022","99.989500"
"912796V30","Bill","8-Week","03/31/2022","04/05/2022","05/31/2022","99.940889"
"912796X46","Bill","119-Day","03/30/2022","04/05/2022","08/02/2022","99.733903"
"91282CEE7","Note","7-Year","03/29/2022","03/31/2022","03/31/2029","99.208197"
"912796R50","Bill","13-Week","03/28/2022","03/31/2022","06/30/2022","99.847069"
"912796U64","Bill","26-Week","03/28/2022","03/31/2022","09/29/2022","99.469167"
"91282CEG2","Note","2-Year","03/28/2022","03/31/2022","03/31/2024","99.776642"
"91282CEF4","Note","5-Year","03/28/2022","03/31/2022","03/31/2027","99.799301"
"91282CDX6","Note","9-Year 10-Month","03/24/2022","03/31/2022","01/15/2032","108.705125"
"912796U23","Bill","4-Week","03/24/2022","03/29/2022","04/26/2022","99.989500"
"912796V22","Bill","8-Week","03/24/2022","03/29/2022","05/24/2022","99.953333"
"912810TF5","Bond","19-Year 11-Month","03/23/2022","03/31/2022","02/15/2042","95.753797"
"912796X38","Bill","119-Day","03/23/2022","03/29/2022","07/26/2022","99.765306"
"91282CDU2","Note","1-Year 10-Month","03/23/2022","03/25/2022","01/31/2024","100.074861"
"912796U31","Bill","52-Week","03/22/2022","03/24/2022","03/23/2023","98.392333"
"912796R43","Bill","13-Week","03/21/2022","03/24/2022","06/23/2022","99.878667"
"912796U56","Bill","26-Week","03/21/2022","03/24/2022","09/22/2022","99.560167"
"912796T90","Bill","4-Week","03/17/2022","03/22/2022","04/19/2022","99.985222"
"912796U98","Bill","8-Week","03/17/2022","03/22/2022","05/17/2022","99.953333"
"912796X20","Bill","119-Day","03/16/2022","03/22/2022","07/19/2022","99.780181"
"912796J42","Bill","13-Week","03/14/2022","03/17/2022","06/16/2022","99.886250"
"912796U49","Bill","26-Week","03/14/2022","03/17/2022","09/15/2022","99.585444"
"912796T82","Bill","4-Week","03/10/2022","03/15/2022","04/12/2022","99.984833"
"912796U80","Bill","8-Week","03/10/2022","03/15/2022","05/10/2022","99.958778"
"912810TD0","Bond","29-Year 11-Month","03/10/2022","03/15/2022","02/15/2052","97.331824"
"912796W96","Bill","119-Day","03/09/2022","03/15/2022","07/12/2022","99.818194"
"91282CDY4","Note","9-Year 11-Month","03/09/2022","03/15/2022","02/15/2032","99.594019"
"91282CED9","Note","3-Year","03/08/2022","03/15/2022","03/15/2025","99.927276"
"912796R35","Bill","13-Week","03/07/2022","03/10/2022","06/09/2022","99.903944"
"912796M71","Bill","26-Week","03/07/2022","03/10/2022","09/08/2022","99.641056"
"912796T74","Bill","4-Week","03/03/2022","03/08/2022","04/05/2022","99.987167"
"912796U72","Bill","8-Week","03/03/2022","03/08/2022","05/03/2022","99.968111"
"912796W88","Bill","119-Day","03/02/2022","03/08/2022","07/05/2022","99.823153"
"912796Q44","Bill","13-Week","02/28/2022","03/03/2022","06/02/2022","99.909000"
"912796T66","Bill","26-Week","02/28/2022","03/03/2022","09/01/2022","99.661278"
"912796T25","Bill","4-Week","02/24/2022","03/01/2022","03/29/2022","99.996111"
"912796U23","Bill","8-Week","02/24/2022","03/01/2022","04/26/2022","99.968889"
"91282CEB3","Note","7-Year","02/24/2022","02/28/2022","02/28/2029","99.804270"
"912796W39","Bill","119-Day","02/23/2022","03/01/2022","06/28/2022","99.811583"
"91282CEC1","Note","5-Year","02/23/2022","02/28/2022","02/28/2027","99.976245"
"91282CDU2","Note","1-Year 11-Month","02/23/2022","02/25/2022","01/31/2024","100.068232"
"91282CEA5","Note","2-Year","02/22/2022","02/28/2022","02/29/2024","99.896026"
"912796Q36","Bill","13-Week","02/22/2022","02/24/2022","05/26/2022","99.903944"
"912796T58","Bill","26-Week","02/22/2022","02/24/2022","08/25/2022","99.641056"
"912796T33","Bill","52-Week","02/22/2022","02/24/2022","02/23/2023","98.842278"
"912810TE8","Bond","30-Year","02/17/2022","02/28/2022","02/15/2052","98.102682"
"912796S91","Bill","4-Week","02/17/2022","02/22/2022","03/22/2022","99.993778"
"912796T90","Bill","8-Week","02/17/2022","02/22/2022","04/19/2022","99.961111"
"912810TF5","Bond","20-Year","02/16/2022","02/28/2022","02/15/2042","99.667386"
"912796W21","Bill","119-Day","02/16/2022","02/22/2022","06/21/2022","99.818194"
"912796H44","Bill","13-Week","02/14/2022","02/17/2022","05/19/2022","99.888778"
"912796T41","Bill","26-Week","02/14/2022","02/17/2022","08/18/2022","99.610722"
"912796S83","Bill","4-Week","02/10/2022","02/15/2022","03/15/2022","99.998444"
"912796T82","Bill","8-Week","02/10/2022","02/15/2022","04/12/2022","99.961111"
"912810TD0","Bond","30-Year","02/10/2022","02/15/2022","02/15/2052","98.067757"
"912796V97","Bill","119-Day","02/09/2022","02/15/2022","06/14/2022","99.857861"
"91282CDY4","Note","10-Year","02/09/2022","02/15/2022","02/15/2032","99.737071"
"91282CDZ1","Note","3-Year","02/08/2022","02/15/2022","02/15/2025","99.731529"
"912796Q28","Bill","13-Week","02/07/2022","02/10/2022","05/12/2022","99.926694"
"912796L64","Bill","26-Week","02/07/2022","02/10/2022","08/11/2022","99.706778"
"912796S75","Bill","4-Week","02/03/2022","02/08/2022","03/08/2022","99.997278"
"912796T74","Bill","8-Week","02/03/2022","02/08/2022","04/05/2022","99.978222"
"912796V89","Bill","119-Day","02/02/2022","02/08/2022","06/07/2022","99.887611"
"912796P45","Bill","13-Week","01/31/2022","02/03/2022","05/05/2022","99.939333"
"912796S67","Bill","26-Week","01/31/2022","02/03/2022","08/04/2022","99.747222"
"912796S26","Bill","4-Week","01/27/2022","02/01/2022","03/01/2022","99.997278"
"912796T25","Bill","8-Week","01/27/2022","02/01/2022","03/29/2022","99.978222"
"91282CDW8","Note","7-Year","01/27/2022","01/31/2022","01/31/2029","99.875422"
"912796V30","Bill","119-Day","01/26/2022","02/01/2022","05/31/2022","99.907444"
"91282CDU2","Note","2-Year","01/26/2022","01/31/2022","01/31/2024","100.000000"
"912828Z78","Note","5-Year","01/25/2022","01/31/2022","01/31/2027","99.841748"
"912796S34","Bill","52-Week","01/25/2022","01/27/2022","01/26/2023","99.363000"
"91282CDV0","Note","2-Year","01/24/2022","01/31/2022","01/31/2024","99.772818"
"912796P37","Bill","13-Week","01/24/2022","01/27/2022","04/28/2022","99.951972"
"912796S59","Bill","26-Week","01/24/2022","01/27/2022","07/28/2022","99.807889"
"91282CDX6","Note","10-Year","01/20/2022","01/31/2022","01/15/2032","107.081463"
"912796R92","Bill","4-Week","01/20/2022","01/25/2022","02/22/2022","99.996889"
"912796S91","Bill","8-Week","01/20/2022","01/25/2022","03/22/2022","99.986778"
"912810TC2","Bond","19-Year 10-Month","01/19/2022","01/31/2022","11/15/2041","96.646052"
"912796V22","Bill","119-Day","01/19/2022","01/25/2022","05/24/2022","99.909097"
"912796G45","Bill","13-Week","01/18/2022","01/20/2022","04/21/2022","99.957028"
"912796S42","Bill","26-Week","01/18/2022","01/20/2022","07/21/2022","99.815472"
"912796R84","Bill","4-Week","01/13/2022","01/18/2022","02/15/2022","99.996889"
"912796S83","Bill","8-Week","01/13/2022","01/18/2022","03/15/2022","99.992222"
"912810TB4","Bond","29-Year 10-Month","01/13/2022","01/18/2022","11/15/2051","95.566819"
"912796U98","Bill","119-Day","01/12/2022","01/18/2022","05/17/2022","99.933889"
"91282CDJ7","Note","9-Year 10-Month","01/12/2022","01/18/2022","11/15/2031","96.866042"
"91282CDS7","Note","3-Year","01/11/2022","01/18/2022","01/15/2025","99.671988"
"912796P29","Bill","13-Week","01/10/2022","01/13/2022","04/14/2022","99.969667"
"912796K57","Bill","26-Week","01/10/2022","01/13/2022","07/14/2022","99.860972"
"912796R76","Bill","4-Week","01/06/2022","01/11/2022","02/08/2022","99.996111"
"912796S75","Bill","8-Week","01/06/2022","01/11/2022","03/08/2022","99.991444"
"912796U80","Bill","119-Day","01/05/2022","01/11/2022","05/10/2022","99.950417"
"912796N47","Bill","13-Week","01/03/2022","01/06/2022","04/07/2022","99.977250"
"912796R68","Bill","26-Week","01/03/2022","01/06/2022","07/07/2022","99.888778"
"912796Q93","Bill","4-Week","12/30/2021","01/04/2022","02/01/2022","99.995722"
"912796S26","Bill","8-Week","12/30/2021","01/04/2022","03/01/2022","99.991444"
"912796U72","Bill","119-Day","12/29/2021","01/04/2022","05/03/2022","99.958681"
"91282CDE8","Note","1-Year 10-Month","12/29/2021","12/31/2021","10/31/2023","100.009279"
"91282CDP3","Note","7-Year","12/29/2021","12/31/2021","12/31/2028","99.304232"
"91282CDQ1","Note","5-Year","12/28/2021","12/31/2021","12/31/2026","99.937202"
"912796R27","Bill","52-Week","12/28/2021","12/30/2021","12/29/2022","99.605667"
"91282CDR9","Note","2-Year","12/27/2021","12/31/2021","12/31/2023","99.962362"
"912796N39","Bill","13-Week","12/27/2021","12/30/2021","03/31/2022","99.978514"
"912796R50","Bill","26-Week","12/27/2021","12/30/2021","06/30/2022","99.893833"
"912796Q85","Bill","4-Week","12/23/2021","12/28/2021","01/25/2022","99.996889"
"912796R92","Bill","8-Week","12/23/2021","12/28/2021","02/22/2022","99.992222"
"91282CDC2","Note","4-Year 10-Month","12/22/2021","12/31/2021","10/15/2026","109.428984"
"912796U23","Bill","119-Day","12/22/2021","12/28/2021","04/26/2022","99.963639"
"912810TC2","Bond","19-Year 11-Month","12/21/2021","12/31/2021","11/15/2041","100.950671"
"912796F38","Bill","13-Week","12/20/2021","12/23/2021","03/24/2022","99.981042"
"912796R43","Bill","26-Week","12/20/2021","12/23/2021","06/23/2022","99.919111"
"912796M97","Bill","78-Day","12/20/2021","12/22/2021","03/10/2022","99.984833"
"912796K73","Bill","23-Day","12/17/2021","12/21/2021","01/13/2022","99.996806"
"912796Q77","Bill","4-Week","12/16/2021","12/21/2021","01/18/2022","99.997667"
"912796R84","Bill","8-Week","12/16/2021","12/21/2021","02/15/2022","99.992222"
"912796T90","Bill","119-Day","12/15/2021","12/21/2021","04/19/2022","99.970250"
"912796N21","Bill","13-Week","12/13/2021","12/16/2021","03/17/2022","99.986097"
"912796J42","Bill","26-Week","12/13/2021","12/16/2021","06/16/2022","99.934278"
"912810TB4","Bond","29-Year 11-Month","12/09/2021","12/15/2021","11/15/2051","99.543665"
"912796Q69","Bill","4-Week","12/09/2021","12/14/2021","01/11/2022","99.997667"
"912796R76","Bill","8-Week","12/09/2021","12/14/2021","02/08/2022","99.992222"
"91282CDJ7","Note","9-Year 11-Month","12/08/2021","12/15/2021","11/15/2031","98.687294"
"912796T82","Bill","119-Day","12/08/2021","12/14/2021","04/12/2022","99.970250"
"91282CDN8","Note","3-Year","12/07/2021","12/15/2021","12/15/2024","100.000000"
"912796M97","Bill","13-Week","12/06/2021","12/09/2021","03/10/2022","99.986097"
"912796R35","Bill","26-Week","12/06/2021","12/09/2021","06/09/2022","99.946917"
"912796Q51","Bill","4-Week","12/02/2021","12/07/2021","01/04/2022","99.996889"
"912796Q93","Bill","8-Week","12/02/2021","12/07/2021","02/01/2022","99.993000"
"912810TC2","Bond","19-Year 11-Month","12/02/2021","12/06/2021","11/15/2041","102.121152"
"912796ZX0","Bill","8-Day","12/01/2021","12/07/2021","12/15/2021","99.996444"
"912796T74","Bill","119-Day","12/01/2021","12/07/2021","04/05/2022","99.975208"
"912796J75","Bill","21-Day","11/30/2021","12/02/2021","12/23/2021","99.990667"
"912796P94","Bill","52-Week","11/30/2021","12/02/2021","12/01/2022","99.757333"
"912796L98","Bill","13-Week","11/29/2021","12/02/2021","03/03/2022","99.987361"
"912796Q44","Bill","26-Week","11/29/2021","12/02/2021","06/02/2022","99.954500"
"912796P60","Bill","14-Day","11/24/2021","11/30/2021","12/14/2021","99.997667"
"912796P86","Bill","4-Week","11/24/2021","11/30/2021","12/28/2021","99.990278"
"912796Q85","Bill","8-Week","11/24/2021","11/30/2021","01/25/2022","99.993000"
"912796T25","Bill","119-Day","11/24/2021","11/30/2021","03/29/2022","99.976861"
"91282CDL2","Note","7-Year","11/23/2021","11/30/2021","11/30/2028","99.419180"
"912796Y94","Bill","35-Day","11/23/2021","11/26/2021","12/31/2021","99.985417"
"91282CDE8","Note","1-Year 11-Month","11/23/2021","11/26/2021","10/31/2023","99.994138"
"91282CDM0","Note","2-Year","11/22/2021","11/30/2021","11/30/2023","99.755904"
"91282CDK4","Note","5-Year","11/22/2021","11/30/2021","11/30/2026","99.667191"
"912796D30","Bill","13-Week","11/22/2021","11/26/2021","02/24/2022","99.987500"
"912796Q36","Bill","26-Week","11/22/2021","11/26/2021","05/26/2022","99.964806"
"91282CCM1","Note","9-Year 8-Month","11/18/2021","11/30/2021","07/15/2031","115.601579"
"912796P78","Bill","4-Week","11/18/2021","11/23/2021","12/21/2021","99.991444"
"912796Q77","Bill","8-Week","11/18/2021","11/23/2021","01/18/2022","99.993000"
"912810TC2","Bond","20-Year","11/17/2021","11/30/2021","11/15/2041","98.940421"
"912796ZX0","Bill","22-Day","11/17/2021","11/23/2021","12/15/2021","99.992056"
"912796S91","Bill","119-Day","11/17/2021","11/23/2021","03/22/2022","99.981819"
"9127965G0","Bill","14-Day","11/16/2021","11/18/2021","12/02/2021","99.997861"
"912796L80","Bill","13-Week","11/15/2021","11/18/2021","02/17/2022","99.988625"
"912796H44","Bill","26-Week","11/15/2021","11/18/2021","05/19/2022","99.967139"
"912796P60","Bill","4-Week","11/10/2021","11/16/2021","12/14/2021","99.996111"
"912796Q69","Bill","8-Week","11/10/2021","11/16/2021","01/11/2022","99.990667"
"912796S83","Bill","119-Day","11/10/2021","11/16/2021","03/15/2022","99.981819"
"912810TB4","Bond","30-Year","11/10/2021","11/15/2021","11/15/2051","98.526943"
"91282CDJ7","Note","10-Year","11/09/2021","11/15/2021","11/15/2031","99.359650"
"91282CDH1","Note","3-Year","11/08/2021","11/15/2021","11/15/2024","100.000000"
"912796L72","Bill","13-Week","11/08/2021","11/12/2021","02/10/2022","99.988750"
"912796Q28","Bill","26-Week","11/08/2021","11/12/2021","05/12/2022","99.967319"
"912796P52","Bill","4-Week","11/04/2021","11/09/2021","12/07/2021","99.996889"
"912796Q51","Bill","8-Week","11/04/2021","11/09/2021","01/04/2022","99.991444"
"912796S75","Bill","119-Day","11/03/2021","11/09/2021","03/08/2022","99.981819"
"912796N96","Bill","52-Week","11/02/2021","11/04/2021","11/03/2022","99.838222"
"912796K99","Bill","13-Week","11/01/2021","11/04/2021","02/03/2022","99.987361"
"912796P45","Bill","26-Week","11/01/2021","11/04/2021","05/05/2022","99.967139"
"912796N88","Bill","4-Week","10/28/2021","11/02/2021","11/30/2021","99.995722"
"912796P86","Bill","8-Week","10/28/2021","11/02/2021","12/28/2021","99.985222"
"91282CDF5","Note","7-Year","10/28/2021","11/01/2021","10/31/2028","99.429922"
"912796S26","Bill","119-Day","10/27/2021","11/02/2021","03/01/2022","99.981819"
"91282CDE8","Note","2-Year","10/27/2021","11/01/2021","10/31/2023","100.000000"
"91282CDG3","Note","5-Year","10/27/2021","11/01/2021","10/31/2026","99.845040"
"91282CDD0","Note","2-Year","10/26/2021","11/01/2021","10/31/2023","99.789555"
"912796ZX0","Bill","48-Day","10/26/2021","10/28/2021","12/15/2021","99.986667"
"912796C31","Bill","13-Week","10/25/2021","10/28/2021","01/27/2022","99.986097"
"912796P37","Bill","26-Week","10/25/2021","10/28/2021","04/28/2022","99.969667"
"91282CDC2","Note","5-Year","10/21/2021","10/29/2021","10/15/2026","109.509314"
"912796N70","Bill","4-Week","10/21/2021","10/26/2021","11/23/2021","99.996111"
"912796P78","Bill","8-Week","10/21/2021","10/26/2021","12/21/2021","99.984444"
"912810TA6","Bond","19-Year 10-Month","10/20/2021","11/01/2021","08/15/2041","94.354444"
"912796R92","Bill","119-Day","10/20/2021","10/26/2021","02/22/2022","99.981819"
"912796H69","Bill","27-Day","10/20/2021","10/22/2021","11/18/2021","99.995875"
"912796N88","Bill","40-Day","10/19/2021","10/21/2021","11/30/2021","99.993889"
"912796K81","Bill","13-Week","10/18/2021","10/21/2021","01/20/2022","99.986097"
"912796G45","Bill","26-Week","10/18/2021","10/21/2021","04/21/2022","99.969667"
"912796N62","Bill","4-Week","10/14/2021","10/19/2021","11/16/2021","99.997278"
"912796P60","Bill","8-Week","10/14/2021","10/19/2021","12/14/2021","99.987556"
"912796H77","Bill","39-Day","10/14/2021","10/18/2021","11/26/2021","99.994042"
"912796R84","Bill","119-Day","10/13/2021","10/19/2021","02/15/2022","99.983472"
"912810SZ2","Bond","29-Year 10-Month","10/13/2021","10/15/2021","08/15/2051","98.908044"
"91282CDB4","Note","3-Year","10/12/2021","10/15/2021","10/15/2024","99.970331"
"91282CCS8","Note","9-Year 10-Month","10/12/2021","10/15/2021","08/15/2031","96.968273"
"912796K73","Bill","13-Week","10/12/2021","10/14/2021","01/13/2022","99.987361"
"912796P29","Bill","26-Week","10/12/2021","10/14/2021","04/14/2022","99.972194"
"912796N54","Bill","4-Week","10/07/2021","10/12/2021","11/09/2021","99.997278"
"912796P52","Bill","8-Week","10/07/2021","10/12/2021","12/07/2021","99.982889"
"912796J67","Bill","64-Day","10/06/2021","10/13/2021","12/16/2021","99.991111"
"912796R76","Bill","119-Day","10/06/2021","10/12/2021","02/08/2022","99.981819"
"912796ZB8","Bill","8-Day","10/05/2021","10/07/2021","10/15/2021","99.996889"
"912796M89","Bill","52-Week","10/05/2021","10/07/2021","10/06/2022","99.909000"
"912796K65","Bill","13-Week","10/04/2021","10/07/2021","01/06/2022","99.989889"
"912796N47","Bill","26-Week","10/04/2021","10/07/2021","04/07/2022","99.972194"
"912796M63","Bill","4-Week","09/30/2021","10/05/2021","11/02/2021","99.996500"
"912796N88","Bill","8-Week","09/30/2021","10/05/2021","11/30/2021","99.993778"
"912796Q93","Bill","119-Day","09/29/2021","10/05/2021","02/01/2022","99.983472"
"91282CCY5","Note","7-Year","09/28/2021","09/30/2021","09/30/2028","99.453681"
"912796A90","Bill","13-Week","09/27/2021","09/30/2021","12/30/2021","99.991153"
"912796N39","Bill","26-Week","09/27/2021","09/30/2021","03/31/2022","99.974722"
"91282CDA6","Note","2-Year","09/27/2021","09/30/2021","09/30/2023","99.880464"
"91282CCZ2","Note","5-Year","09/27/2021","09/30/2021","09/30/2026","99.440349"
"91282CCM1","Note","9-Year 10-Month","09/23/2021","09/30/2021","07/15/2031","112.982468"
"912796M55","Bill","4-Week","09/23/2021","09/28/2021","10/26/2021","99.996111"
"912796N70","Bill","8-Week","09/23/2021","09/28/2021","11/23/2021","99.994556"
"912796Q85","Bill","119-Day","09/22/2021","09/28/2021","01/25/2022","99.988431"
"91282CCQ2","Note","1-Year 10-Month","09/22/2021","09/24/2021","07/31/2023","100.005620"
"912810TA6","Bond","19-Year 11-Month","09/21/2021","09/30/2021","08/15/2041","99.249087"
"912796J75","Bill","13-Week","09/20/2021","09/23/2021","12/23/2021","99.991153"
"912796F38","Bill","26-Week","09/20/2021","09/23/2021","03/24/2022","99.977250"
"912796M48","Bill","4-Week","09/16/2021","09/21/2021","10/19/2021","99.995722"
"912796N62","Bill","8-Week","09/16/2021","09/21/2021","11/16/2021","99.991444"
"912796Q77","Bill","119-Day","09/15/2021","09/21/2021","01/18/2022","99.985125"
"912796J67","Bill","13-Week","09/13/2021","09/16/2021","12/16/2021","99.989889"
"912796N21","Bill","26-Week","09/13/2021","09/16/2021","03/17/2022","99.974722"
"912810SZ2","Bond","29-Year 11-Month","09/09/2021","09/15/2021","08/15/2051","102.042432"
"912796M30","Bill","4-Week","09/09/2021","09/14/2021","10/12/2021","99.995333"
"912796N54","Bill","8-Week","09/09/2021","09/14/2021","11/09/2021","99.989889"
"91282CCS8","Note","9-Year 11-Month","09/08/2021","09/15/2021","08/15/2031","99.184765"
"912796Q69","Bill","119-Day","09/08/2021","09/14/2021","01/11/2022","99.985125"
"91282CCX7","Note","3-Year","09/07/2021","09/15/2021","09/15/2024","99.785680"
"912796F61","Bill","21-Day","09/07/2021","09/09/2021","09/30/2021","99.997083"
"912796J59","Bill","13-Week","09/07/2021","09/09/2021","12/09/2021","99.988625"
"912796M97","Bill","26-Week","09/07/2021","09/09/2021","03/10/2022","99.974722"
"912796M71","Bill","52-Week","09/07/2021","09/09/2021","09/08/2022","99.924167"
"912796M22","Bill","4-Week","09/02/2021","09/07/2021","10/05/2021","99.997278"
"912796M63","Bill","8-Week","09/02/2021","09/07/2021","11/02/2021","99.989889"
"912796Q51","Bill","119-Day","09/01/2021","09/07/2021","01/04/2022","99.985125"
"912796F53","Bill","21-Day","08/31/2021","09/02/2021","09/23/2021","99.997667"
"9127965G0","Bill","13-Week","08/30/2021","09/02/2021","12/02/2021","99.988625"
"912796L98","Bill","26-Week","08/30/2021","09/02/2021","03/03/2022","99.972194"
"912796L56","Bill","4-Week","08/26/2021","08/31/2021","09/28/2021","99.997278"
"912796M55","Bill","8-Week","08/26/2021","08/31/2021","10/26/2021","99.990667"
"91282CCV1","Note","7-Year","08/26/2021","08/31/2021","08/31/2028","99.798822"
"912796P86","Bill","119-Day","08/25/2021","08/31/2021","12/28/2021","99.983472"
"91282CCW9","Note","5-Year","08/25/2021","08/31/2021","08/31/2026","99.604103"
"91282CCQ2","Note","1-Year 11-Month","08/25/2021","08/27/2021","07/31/2023","100.005852"
"91282CCU3","Note","2-Year","08/24/2021","08/31/2021","08/31/2023","99.766706"
"912796ZC6","Bill","67-Day","08/24/2021","08/26/2021","11/01/2021","99.988833"
"912796H77","Bill","13-Week","08/23/2021","08/26/2021","11/26/2021","99.985944"
"912796D30","Bill","26-Week","08/23/2021","08/26/2021","02/24/2022","99.974722"
"912810SV1","Bond","29-Year 6-Month","08/19/2021","08/31/2021","02/15/2051","117.718212"
"912796L49","Bill","4-Week","08/19/2021","08/24/2021","09/21/2021","99.996889"
"912796M48","Bill","8-Week","08/19/2021","08/24/2021","10/19/2021","99.991444"
"912810TA6","Bond","20-Year","08/18/2021","08/31/2021","08/15/2041","98.336995"
"912796P78","Bill","119-Day","08/18/2021","08/24/2021","12/21/2021","99.985125"
"912796F61","Bill","42-Day","08/17/2021","08/19/2021","09/30/2021","99.995333"
"912796ZB8","Bill","57-Day","08/17/2021","08/19/2021","10/15/2021","99.989708"
"912796H69","Bill","13-Week","08/16/2021","08/19/2021","11/18/2021","99.982306"
"912796L80","Bill","26-Week","08/16/2021","08/19/2021","02/17/2022","99.974722"
"912796L31","Bill","4-Week","08/12/2021","08/17/2021","09/14/2021","99.996500"
"912796M30","Bill","8-Week","08/12/2021","08/17/2021","10/12/2021","99.991444"
"912810SZ2","Bond","30-Year","08/12/2021","08/16/2021","08/15/2051","99.105786"
"912796P60","Bill","119-Day","08/11/2021","08/17/2021","12/14/2021","99.985125"
"91282CCS8","Note","10-Year","08/11/2021","08/16/2021","08/15/2031","99.160510"
"91282CCT6","Note","3-Year","08/10/2021","08/16/2021","08/15/2024","99.732422"
"912796F53","Bill","42-Day","08/10/2021","08/12/2021","09/23/2021","99.995333"
"912796L64","Bill","52-Week","08/10/2021","08/12/2021","08/11/2022","99.919111"
"912796H51","Bill","13-Week","08/09/2021","08/12/2021","11/12/2021","99.987222"
"912796L72","Bill","26-Week","08/09/2021","08/12/2021","02/10/2022","99.974722"
"912796L23","Bill","4-Week","08/05/2021","08/10/2021","09/07/2021","99.996889"
"912796M22","Bill","8-Week","08/05/2021","08/10/2021","10/05/2021","99.992222"
"912796P52","Bill","119-Day","08/04/2021","08/10/2021","12/07/2021","99.983472"
"912796F46","Bill","42-Day","08/03/2021","08/05/2021","09/16/2021","99.995333"
"9127964W6","Bill","13-Week","08/02/2021","08/05/2021","11/04/2021","99.987361"
"912796K99","Bill","26-Week","08/02/2021","08/05/2021","02/03/2022","99.972194"
"912796K40","Bill","4-Week","07/29/2021","08/03/2021","08/31/2021","99.996500"
"912796L56","Bill","8-Week","07/29/2021","08/03/2021","09/28/2021","99.993000"
"91282CCR0","Note","7-Year","07/29/2021","08/02/2021","07/31/2028","99.663627"
"912796N88","Bill","119-Day","07/28/2021","08/03/2021","11/30/2021","99.983472"
"91282CCQ2","Note","2-Year","07/28/2021","08/02/2021","07/31/2023","100.000000"
"91282CCP4","Note","5-Year","07/27/2021","08/02/2021","07/31/2026","99.583614"
"9127964L0","Bill","42-Day","07/27/2021","07/29/2021","09/09/2021","99.995333"
"91282CCN9","Note","2-Year","07/26/2021","08/02/2021","07/31/2023","99.824943"
"912796G78","Bill","13-Week","07/26/2021","07/29/2021","10/28/2021","99.987361"
"912796C31","Bill","26-Week","07/26/2021","07/29/2021","01/27/2022","99.974722"
"91282CCM1","Note","10-Year","07/22/2021","07/30/2021","07/15/2031","112.423650"
"912796K32","Bill","4-Week","07/22/2021","07/27/2021","08/24/2021","99.996500"
"912796L49","Bill","8-Week","07/22/2021","07/27/2021","09/21/2021","99.993000"
"912810SY5","Bond","19-Year 10-Month","07/21/2021","08/02/2021","05/15/2041","105.917067"
"912796N70","Bill","119-Day","07/21/2021","07/27/2021","11/23/2021","99.983472"
"912796D63","Bill","42-Day","07/20/2021","07/22/2021","09/02/2021","99.994750"
"912796G60","Bill","13-Week","07/19/2021","07/22/2021","10/21/2021","99.987361"
"912796K81","Bill","26-Week","07/19/2021","07/22/2021","01/20/2022","99.974722"
"912796K24","Bill","4-Week","07/15/2021","07/20/2021","08/17/2021","99.996500"
"912796L31","Bill","8-Week","07/15/2021","07/20/2021","09/14/2021","99.992222"
"912796N62","Bill","119-Day","07/14/2021","07/20/2021","11/16/2021","99.983472"
"912796D55","Bill","42-Day","07/13/2021","07/15/2021","08/26/2021","99.994750"
"912796K57","Bill","52-Week","07/13/2021","07/15/2021","07/14/2022","99.924167"
"912810SX7","Bond","29-Year 10-Month","07/13/2021","07/15/2021","05/15/2051","108.392467"
"912796G52","Bill","13-Week","07/12/2021","07/15/2021","10/14/2021","99.987361"
"912796K73","Bill","26-Week","07/12/2021","07/15/2021","01/13/2022","99.974722"
"91282CCL3","Note","3-Year","07/12/2021","07/15/2021","07/15/2024","99.848134"
"91282CCB5","Note","9-Year 10-Month","07/12/2021","07/15/2021","05/15/2031","102.328230"
"912796J91","Bill","4-Week","07/08/2021","07/13/2021","08/10/2021","99.996111"
"912796L23","Bill","8-Week","07/08/2021","07/13/2021","09/07/2021","99.993000"
"912796N54","Bill","119-Day","07/07/2021","07/13/2021","11/09/2021","99.983472"
"912796D48","Bill","42-Day","07/06/2021","07/08/2021","08/19/2021","99.994750"
"9127964V8","Bill","13-Week","07/06/2021","07/08/2021","10/07/2021","99.987361"
"912796K65","Bill","26-Week","07/06/2021","07/08/2021","01/06/2022","99.974722"
"912796J83","Bill","4-Week","07/01/2021","07/06/2021","08/03/2021","99.996111"
"912796K40","Bill","8-Week","07/01/2021","07/06/2021","08/31/2021","99.993000"
"912796M63","Bill","119-Day","06/30/2021","07/06/2021","11/02/2021","99.983472"
"9127964B2","Bill","42-Day","06/29/2021","07/01/2021","08/12/2021","99.994167"
"912796F61","Bill","13-Week","06/28/2021","07/01/2021","09/30/2021","99.987361"
"912796A90","Bill","26-Week","06/28/2021","07/01/2021","12/30/2021","99.972194"
"91282CCH2","Note","7-Year","06/24/2021","06/30/2021","06/30/2028","99.906493"
"912796J34","Bill","4-Week","06/24/2021","06/29/2021","07/27/2021","99.996500"
"912796K32","Bill","8-Week","06/24/2021","06/29/2021","08/24/2021","99.992222"
"91282CCJ8","Note","5-Year","06/23/2021","06/30/2021","06/30/2026","99.858540"
"912796M55","Bill","119-Day","06/23/2021","06/29/2021","10/26/2021","99.983472"
"91282CBY6","Note","1-Year 10-Month","06/23/2021","06/25/2021","04/30/2023","100.007483"
"91282CCK5","Note","2-Year","06/22/2021","06/30/2021","06/30/2023","99.752770"
"912796C64","Bill","42-Day","06/22/2021","06/24/2021","08/05/2021","99.995333"
"912796F53","Bill","13-Week","06/21/2021","06/24/2021","09/23/2021","99.988625"
"912796J75","Bill","26-Week","06/21/2021","06/24/2021","12/23/2021","99.972194"
"91282CCA7","Note","4-Year 10-Month","06/17/2021","06/30/2021","04/15/2026","109.611203"
"912796J26","Bill","4-Week","06/17/2021","06/22/2021","07/20/2021","99.996500"
"912796K24","Bill","8-Week","06/17/2021","06/22/2021","08/17/2021","99.994556"
"912796M48","Bill","119-Day","06/16/2021","06/22/2021","10/19/2021","99.988431"
"912810SY5","Bond","19-Year 11-Month","06/15/2021","06/30/2021","05/15/2041","102.097342"
"912796C56","Bill","42-Day","06/15/2021","06/17/2021","07/29/2021","99.998250"
"912796J42","Bill","52-Week","06/15/2021","06/17/2021","06/16/2022","99.929222"
"912796F46","Bill","13-Week","06/14/2021","06/17/2021","09/16/2021","99.993681"
"912796J67","Bill","26-Week","06/14/2021","06/17/2021","12/16/2021","99.979778"
"912796H93","Bill","4-Week","06/10/2021","06/15/2021","07/13/2021","99.999611"
"912796J91","Bill","8-Week","06/10/2021","06/15/2021","08/10/2021","99.996889"
"912810SX7","Bond","29-Year 11-Month","06/10/2021","06/15/2021","05/15/2051","104.447071"
"912796M30","Bill","119-Day","06/09/2021","06/15/2021","10/12/2021","99.990083"
"91282CCB5","Note","9-Year 11-Month","06/09/2021","06/15/2021","05/15/2031","101.174616"
"91282CCG4","Note","3-Year","06/08/2021","06/15/2021","06/15/2024","99.776274"
"912796C49","Bill","42-Day","06/08/2021","06/10/2021","07/22/2021","99.998833"
"9127964L0","Bill","13-Week","06/07/2021","06/10/2021","09/09/2021","99.993681"
"912796J59","Bill","26-Week","06/07/2021","06/10/2021","12/09/2021","99.979778"
"912796H85","Bill","4-Week","06/03/2021","06/08/2021","07/06/2021","100.000000"
"912796J83","Bill","8-Week","06/03/2021","06/08/2021","08/03/2021","99.997667"
"912796M22","Bill","119-Day","06/02/2021","06/08/2021","10/05/2021","99.990083"
"9127963S6","Bill","42-Day","06/01/2021","06/03/2021","07/15/2021","99.999417"
"912796D63","Bill","13-Week","06/01/2021","06/03/2021","09/02/2021","99.994944"
"9127965G0","Bill","26-Week","06/01/2021","06/03/2021","12/02/2021","99.982306"
"912796H36","Bill","4-Week","05/27/2021","06/01/2021","06/29/2021","100.000000"
"912796J34","Bill","8-Week","05/27/2021","06/01/2021","07/27/2021","99.999222"
"91282CCE9","Note","7-Year","05/27/2021","06/01/2021","05/31/2028","99.766478"
"912796L56","Bill","119-Day","05/26/2021","06/01/2021","09/28/2021","99.993389"
"91282CCF6","Note","5-Year","05/26/2021","06/01/2021","05/31/2026","99.814145"
"91282CBY6","Note","1-Year 11-Month","05/26/2021","05/28/2021","04/30/2023","100.007796"
"91282CCD1","Note","2-Year","05/25/2021","06/01/2021","05/31/2023","99.946175"
"912796B57","Bill","42-Day","05/25/2021","05/27/2021","07/08/2021","99.999417"
"912796D55","Bill","13-Week","05/24/2021","05/27/2021","08/26/2021","99.996208"
"912796H77","Bill","26-Week","05/24/2021","05/27/2021","11/26/2021","99.984750"
"91282CBF7","Note","9-Year 8-Month","05/20/2021","05/28/2021","01/15/2031","111.149129"
"912796H28","Bill","4-Week","05/20/2021","05/25/2021","06/22/2021","100.000000"
"912796J26","Bill","8-Week","05/20/2021","05/25/2021","07/20/2021","99.999222"
"912810SY5","Bond","20-Year","05/19/2021","06/01/2021","05/15/2041","99.424698"
"912796L49","Bill","119-Day","05/19/2021","05/25/2021","09/21/2021","99.995042"
"912796B40","Bill","42-Day","05/18/2021","05/20/2021","07/01/2021","99.999417"
"912796H44","Bill","52-Week","05/18/2021","05/20/2021","05/19/2022","99.944389"
"912796D48","Bill","13-Week","05/17/2021","05/20/2021","08/19/2021","99.996208"
"912796H69","Bill","26-Week","05/17/2021","05/20/2021","11/18/2021","99.984833"
"912796G94","Bill","4-Week","05/13/2021","05/18/2021","06/15/2021","100.000000"
"912796H93","Bill","8-Week","05/13/2021","05/18/2021","07/13/2021","99.998444"
"912810SX7","Bond","30-Year","05/13/2021","05/17/2021","05/15/2051","99.573653"
"912796L31","Bill","119-Day","05/12/2021","05/18/2021","09/14/2021","99.993389"
"91282CCB5","Note","10-Year","05/12/2021","05/17/2021","05/15/2031","99.459286"
"91282CCC3","Note","3-Year","05/11/2021","05/17/2021","05/15/2024","99.764780"
"912796B32","Bill","42-Day","05/11/2021","05/13/2021","06/24/2021","99.999417"
"9127964B2","Bill","13-Week","05/10/2021","05/13/2021","08/12/2021","99.996208"
"912796H51","Bill","26-Week","05/10/2021","05/13/2021","11/12/2021","99.982208"
"912796G86","Bill","4-Week","05/06/2021","05/11/2021","06/08/2021","99.999222"
"912796H85","Bill","8-Week","05/06/2021","05/11/2021","07/06/2021","99.998444"
"912796L23","Bill","119-Day","05/05/2021","05/11/2021","09/07/2021","99.991736"
"9127963H0","Bill","42-Day","05/04/2021","05/06/2021","06/17/2021","99.998833"
"912796C64","Bill","13-Week","05/03/2021","05/06/2021","08/05/2021","99.996208"
"9127964W6","Bill","26-Week","05/03/2021","05/06/2021","11/04/2021","99.982306"
"912796G37","Bill","4-Week","04/29/2021","05/04/2021","06/01/2021","100.000000"
"912796H36","Bill","8-Week","04/29/2021","05/04/2021","06/29/2021","99.998444"
"912796K40","Bill","119-Day","04/28/2021","05/04/2021","08/31/2021","99.991736"
"91282CBY6","Note","2-Year","04/27/2021","04/30/2021","04/30/2023","100.000000"
"91282CBZ3","Note","7-Year","04/27/2021","04/30/2021","04/30/2028","99.626548"
"912796B24","Bill","42-Day","04/27/2021","04/29/2021","06/10/2021","99.998833"
"91282CBX8","Note","2-Year","04/26/2021","04/30/2021","04/30/2023","99.900218"
"91282CBW0","Note","5-Year","04/26/2021","04/30/2021","04/30/2026","99.516363"
"912796C56","Bill","13-Week","04/26/2021","04/29/2021","07/29/2021","99.994944"
"912796G78","Bill","26-Week","04/26/2021","04/29/2021","10/28/2021","99.982306"
"91282CCA7","Note","5-Year","04/22/2021","04/30/2021","04/15/2026","109.406206"
"912796G29","Bill","4-Week","04/22/2021","04/27/2021","05/25/2021","99.999611"
"912796H28","Bill","8-Week","04/22/2021","04/27/2021","06/22/2021","99.997667"
"912810SW9","Bond","19-Year 10-Month","04/21/2021","04/30/2021","02/15/2041","95.676788"
"912796K32","Bill","119-Day","04/21/2021","04/27/2021","08/24/2021","99.991736"
"912796A41","Bill","42-Day","04/20/2021","04/22/2021","06/03/2021","99.998833"
"912796G45","Bill","52-Week","04/20/2021","04/22/2021","04/21/2022","99.934278"
"912796C49","Bill","13-Week","04/19/2021","04/22/2021","07/22/2021","99.993681"
"912796G60","Bill","26-Week","04/19/2021","04/22/2021","10/21/2021","99.979778"
"912796F95","Bill","4-Week","04/15/2021","04/20/2021","05/18/2021","99.999222"
"912796G94","Bill","8-Week","04/15/2021","04/20/2021","06/15/2021","99.997667"
"912796K24","Bill","119-Day","04/14/2021","04/20/2021","08/17/2021","99.991736"
"912796A33","Bill","42-Day","04/13/2021","04/15/2021","05/27/2021","99.998250"
"912810SU3","Bond","29-Year 10-Month","04/13/2021","04/15/2021","02/15/2051","90.454200"
"9127963S6","Bill","13-Week","04/12/2021","04/15/2021","07/15/2021","99.994944"
"912796G52","Bill","26-Week","04/12/2021","04/15/2021","10/14/2021","99.979778"
"91282CBV2","Note","3-Year","04/12/2021","04/15/2021","04/15/2024","99.997020"
"91282CBL4","Note","9-Year 10-Month","04/12/2021","04/15/2021","02/15/2031","94.985814"
"912796F87","Bill","4-Week","04/08/2021","04/13/2021","05/11/2021","99.999222"
"912796G86","Bill","8-Week","04/08/2021","04/13/2021","06/08/2021","99.998444"
"912796J91","Bill","119-Day","04/07/2021","04/13/2021","08/10/2021","99.991736"
"9127962Y4","Bill","42-Day","04/06/2021","04/08/2021","05/20/2021","99.997667"
"912796B57","Bill","13-Week","04/05/2021","04/08/2021","07/08/2021","99.994944"
"9127964V8","Bill","26-Week","04/05/2021","04/08/2021","10/07/2021","99.982306"
"912796F79","Bill","4-Week","04/01/2021","04/06/2021","05/04/2021","99.998833"
"912796G37","Bill","8-Week","04/01/2021","04/06/2021","06/01/2021","99.997667"
"912796J83","Bill","119-Day","03/31/2021","04/06/2021","08/03/2021","99.990083"
"912796A25","Bill","42-Day","03/30/2021","04/01/2021","05/13/2021","99.998250"
"912796B40","Bill","13-Week","03/29/2021","04/01/2021","07/01/2021","99.994944"
"912796F61","Bill","26-Week","03/29/2021","04/01/2021","09/30/2021","99.979778"
"91282CBS9","Note","7-Year","03/25/2021","03/31/2021","03/31/2028","99.666487"
"912796F20","Bill","4-Week","03/25/2021","03/30/2021","04/27/2021","99.998833"
"912796G29","Bill","8-Week","03/25/2021","03/30/2021","05/25/2021","99.996889"
"91282CBT7","Note","5-Year","03/24/2021","03/31/2021","03/31/2026","99.511492"
"912796J34","Bill","119-Day","03/24/2021","03/30/2021","07/27/2021","99.990083"
"91282CBK6","Note","1-Year 10-Month","03/24/2021","03/26/2021","01/31/2023","100.026274"
"91282CBU4","Note","2-Year","03/23/2021","03/31/2021","03/31/2023","99.946102"
"9127965A3","Bill","42-Day","03/23/2021","03/25/2021","05/06/2021","99.998833"
"912796F38","Bill","52-Week","03/23/2021","03/25/2021","03/24/2022","99.929222"
"912796B32","Bill","13-Week","03/22/2021","03/25/2021","06/24/2021","99.996208"
"912796F53","Bill","26-Week","03/22/2021","03/25/2021","09/23/2021","99.979778"
"91282CBF7","Note","9-Year 10-Month","03/18/2021","03/31/2021","01/15/2031","107.620948"
"912796D97","Bill","4-Week","03/18/2021","03/23/2021","04/20/2021","99.999611"
"912796F95","Bill","8-Week","03/18/2021","03/23/2021","05/18/2021","99.998444"
"912796J26","Bill","119-Day","03/17/2021","03/23/2021","07/20/2021","99.986778"
"912810SW9","Bond","19-Year 11-Month","03/16/2021","03/31/2021","02/15/2041","93.400551"
"9127964Z9","Bill","42-Day","03/16/2021","03/18/2021","04/29/2021","99.998250"
"9127963H0","Bill","13-Week","03/15/2021","03/18/2021","06/17/2021","99.992417"
"912796F46","Bill","26-Week","03/15/2021","03/18/2021","09/16/2021","99.972194"
"912796D89","Bill","4-Week","03/11/2021","03/16/2021","04/13/2021","99.997667"
"912796F87","Bill","8-Week","03/11/2021","03/16/2021","05/11/2021","99.994556"
"912810SU3","Bond","29-Year 11-Month","03/11/2021","03/15/2021","02/15/2051","90.943237"
"912796H93","Bill","119-Day","03/10/2021","03/16/2021","07/13/2021","99.983472"
"91282CBL4","Note","9-Year 11-Month","03/10/2021","03/15/2021","02/15/2031","96.346935"
"91282CBR1","Note","3-Year","03/09/2021","03/15/2021","03/15/2024","99.686948"
"9127962Q1","Bill","42-Day","03/09/2021","03/11/2021","04/22/2021","99.996500"
"912796B24","Bill","13-Week","03/08/2021","03/11/2021","06/10/2021","99.988625"
"9127964L0","Bill","26-Week","03/08/2021","03/11/2021","09/09/2021","99.969667"
"912796D71","Bill","4-Week","03/04/2021","03/09/2021","04/06/2021","99.997667"
"912796F79","Bill","8-Week","03/04/2021","03/09/2021","05/04/2021","99.994556"
"912796H85","Bill","119-Day","03/03/2021","03/09/2021","07/06/2021","99.983472"
"9127964Y2","Bill","42-Day","03/02/2021","03/04/2021","04/15/2021","99.995333"
"912796A41","Bill","13-Week","03/01/2021","03/04/2021","06/03/2021","99.989889"
"912796D63","Bill","26-Week","03/01/2021","03/04/2021","09/02/2021","99.969667"
"912796D22","Bill","4-Week","02/25/2021","03/02/2021","03/30/2021","99.997278"
"912796F20","Bill","8-Week","02/25/2021","03/02/2021","04/27/2021","99.993778"
"91282CBP5","Note","7-Year","02/25/2021","03/01/2021","02/29/2028","99.531432"
"912796H36","Bill","119-Day","02/24/2021","03/02/2021","06/29/2021","99.985125"
"91282CBQ3","Note","5-Year","02/24/2021","03/01/2021","02/28/2026","99.405518"
"91282CBK6","Note","1-Year 11-Month","02/24/2021","02/26/2021","01/31/2023","100.007815"
"91282CBN0","Note","2-Year","02/23/2021","03/01/2021","02/28/2023","100.011965"
"9127964X4","Bill","42-Day","02/23/2021","02/25/2021","04/08/2021","99.997083"
"912796D30","Bill","52-Week","02/23/2021","02/25/2021","02/24/2022","99.929222"
"912796A33","Bill","13-Week","02/22/2021","02/25/2021","05/27/2021","99.992417"
"912796D55","Bill","26-Week","02/22/2021","02/25/2021","08/26/2021","99.977250"
"912810SV1","Bond","30-Year","02/18/2021","02/26/2021","02/15/2051","105.014087"
"912796C98","Bill","4-Week","02/18/2021","02/23/2021","03/23/2021","99.998056"
"912796D97","Bill","8-Week","02/18/2021","02/23/2021","04/20/2021","99.995333"
"912810SW9","Bond","20-Year","02/17/2021","03/01/2021","02/15/2041","99.256119"
"9127964P1","Bill","42-Day","02/16/2021","02/18/2021","04/01/2021","99.995333"
"9127962Y4","Bill","13-Week","02/16/2021","02/18/2021","05/20/2021","99.989889"
"9127963H0","Bill","119-Day","02/16/2021","02/18/2021","06/17/2021","99.983472"
"912796D48","Bill","26-Week","02/16/2021","02/18/2021","08/19/2021","99.969667"
"912796C80","Bill","4-Week","02/11/2021","02/16/2021","03/16/2021","99.997667"
"912796D89","Bill","8-Week","02/11/2021","02/16/2021","04/13/2021","99.994556"
"912810SU3","Bond","30-Year","02/11/2021","02/16/2021","02/15/2051","98.684360"
"912796G37","Bill","105-Day","02/10/2021","02/16/2021","06/01/2021","99.986875"
"912796J26","Bill","154-Day","02/10/2021","02/16/2021","07/20/2021","99.976472"
"91282CBL4","Note","10-Year","02/10/2021","02/16/2021","02/15/2031","99.717501"
"91282CBM2","Note","3-Year","02/09/2021","02/16/2021","02/15/2024","99.787923"
"9127962F5","Bill","42-Day","02/09/2021","02/11/2021","03/25/2021","99.995917"
"912796B24","Bill","119-Day","02/09/2021","02/11/2021","06/10/2021","99.986778"
"912796A25","Bill","13-Week","02/08/2021","02/11/2021","05/13/2021","99.991153"
"9127964B2","Bill","26-Week","02/08/2021","02/11/2021","08/12/2021","99.974722"
"912796C72","Bill","4-Week","02/04/2021","02/09/2021","03/09/2021","99.997667"
"912796D71","Bill","8-Week","02/04/2021","02/09/2021","04/06/2021","99.994556"
"912796G29","Bill","105-Day","02/03/2021","02/09/2021","05/25/2021","99.983958"
"912796H93","Bill","154-Day","02/03/2021","02/09/2021","07/13/2021","99.976472"
"9127964N6","Bill","42-Day","02/02/2021","02/04/2021","03/18/2021","99.994167"
"912796A41","Bill","119-Day","02/02/2021","02/04/2021","06/03/2021","99.980167"
"9127965A3","Bill","13-Week","02/01/2021","02/04/2021","05/06/2021","99.983569"
"912796C64","Bill","26-Week","02/01/2021","02/04/2021","08/05/2021","99.964611"
"912796C23","Bill","4-Week","01/28/2021","02/02/2021","03/02/2021","99.995722"
"912796D22","Bill","8-Week","01/28/2021","02/02/2021","03/30/2021","99.989889"
"91282CBJ9","Note","7-Year","01/28/2021","02/01/2021","01/31/2028","99.972779"
"912796F95","Bill","105-Day","01/27/2021","02/02/2021","05/18/2021","99.978125"
"912796H85","Bill","154-Day","01/27/2021","02/02/2021","07/06/2021","99.965778"
"91282CBK6","Note","2-Year","01/27/2021","02/01/2021","01/31/2023","100.000000"
"91282CBH3","Note","5-Year","01/26/2021","02/01/2021","01/31/2026","99.757963"
"9127964M8","Bill","42-Day","01/26/2021","01/28/2021","03/11/2021","99.991833"
"912796A33","Bill","119-Day","01/26/2021","01/28/2021","05/27/2021","99.975208"
"912796C31","Bill","52-Week","01/26/2021","01/28/2021","01/27/2022","99.909000"
"91282CBG5","Note","2-Year","01/25/2021","02/01/2021","01/31/2023","100.000000"
"9127964Z9","Bill","13-Week","01/25/2021","01/28/2021","04/29/2021","99.979778"
"912796C56","Bill","26-Week","01/25/2021","01/28/2021","07/29/2021","99.957028"
"91282CBF7","Note","10-Year","01/21/2021","01/29/2021","01/15/2031","111.638729"
"912796B99","Bill","4-Week","01/21/2021","01/26/2021","02/23/2021","99.994556"
"912796C98","Bill","8-Week","01/21/2021","01/26/2021","03/23/2021","99.987556"
"912810ST6","Bond","19-Year 10-Month","01/20/2021","02/01/2021","11/15/2040","95.258107"
"912796F87","Bill","105-Day","01/20/2021","01/26/2021","05/11/2021","99.975208"
"912796H36","Bill","154-Day","01/20/2021","01/26/2021","06/29/2021","99.961500"
"9127964F3","Bill","42-Day","01/19/2021","01/21/2021","03/04/2021","99.990083"
"9127962Q1","Bill","13-Week","01/19/2021","01/21/2021","04/22/2021","99.978514"
"9127962Y4","Bill","119-Day","01/19/2021","01/21/2021","05/20/2021","99.970250"
"912796C49","Bill","26-Week","01/19/2021","01/21/2021","07/22/2021","99.951972"
"912796B81","Bill","4-Week","01/14/2021","01/19/2021","02/16/2021","99.994167"
"912796C80","Bill","8-Week","01/14/2021","01/19/2021","03/16/2021","99.987556"
"912796F79","Bill","105-Day","01/13/2021","01/19/2021","05/04/2021","99.973750"
"912796H28","Bill","154-Day","01/13/2021","01/19/2021","06/22/2021","99.961500"
"912810SS8","Bond","29-Year 10-Month","01/13/2021","01/15/2021","11/15/2050","95.413195"
"91282CAV3","Note","9-Year 10-Month","01/12/2021","01/15/2021","11/15/2030","97.321944"
"912796XE4","Bill","42-Day","01/12/2021","01/14/2021","02/25/2021","99.990083"
"912796A25","Bill","119-Day","01/12/2021","01/14/2021","05/13/2021","99.970250"
"91282CBE0","Note","3-Year","01/11/2021","01/15/2021","01/15/2024","99.674335"
"9127964Y2","Bill","13-Week","01/11/2021","01/14/2021","04/15/2021","99.977250"
"9127963S6","Bill","26-Week","01/11/2021","01/14/2021","07/15/2021","99.954500"
"912796B73","Bill","4-Week","01/07/2021","01/12/2021","02/09/2021","99.993778"
"912796C72","Bill","8-Week","01/07/2021","01/12/2021","03/09/2021","99.986778"
"912796F20","Bill","105-Day","01/06/2021","01/12/2021","04/27/2021","99.973750"
"912796G94","Bill","154-Day","01/06/2021","01/12/2021","06/15/2021","99.961500"
"9127964D8","Bill","42-Day","01/05/2021","01/07/2021","02/18/2021","99.990083"
"9127965A3","Bill","119-Day","01/05/2021","01/07/2021","05/06/2021","99.971903"
"9127964X4","Bill","13-Week","01/04/2021","01/07/2021","04/08/2021","99.977250"
"912796B57","Bill","26-Week","01/04/2021","01/07/2021","07/08/2021","99.954500"
"912796B65","Bill","4-Week","12/31/2020","01/05/2021","02/02/2021","99.993778"
"912796C23","Bill","8-Week","12/31/2020","01/05/2021","03/02/2021","99.986778"
"912796D97","Bill","105-Day","12/30/2020","01/05/2021","04/20/2021","99.973750"
"912796G86","Bill","154-Day","12/30/2020","01/05/2021","06/08/2021","99.961500"
"9127964C0","Bill","42-Day","12/29/2020","12/31/2020","02/11/2021","99.990083"
"9127964Z9","Bill","119-Day","12/29/2020","12/31/2020","04/29/2021","99.968597"
"912796A90","Bill","52-Week","12/29/2020","12/31/2020","12/30/2021","99.888778"
"91282CBB6","Note","7-Year","12/29/2020","12/31/2020","12/31/2027","99.747318"
"9127964P1","Bill","13-Week","12/28/2020","12/31/2020","04/01/2021","99.975986"
"912796B40","Bill","26-Week","12/28/2020","12/31/2020","07/01/2021","99.949444"
"91282CBD2","Note","2-Year","12/28/2020","12/31/2020","12/31/2022","99.976041"
"91282CBC4","Note","5-Year","12/28/2020","12/31/2020","12/31/2025","99.906021"
"912796A82","Bill","4-Week","12/24/2020","12/29/2020","01/26/2021","99.993778"
"912796B99","Bill","8-Week","12/24/2020","12/29/2020","02/23/2021","99.986000"
"912796D89","Bill","105-Day","12/23/2020","12/29/2020","04/13/2021","99.973750"
"912796G37","Bill","154-Day","12/23/2020","12/29/2020","06/01/2021","99.959361"
"91282CAS0","Note","1-Year 10-Month","12/23/2020","12/28/2020","10/31/2022","99.990678"
"91282CAQ4","Note","4-Year 10-Month","12/22/2020","12/31/2020","10/15/2025","108.871082"
"9127963W7","Bill","42-Day","12/22/2020","12/24/2020","02/04/2021","99.990667"
"9127962Q1","Bill","119-Day","12/22/2020","12/24/2020","04/22/2021","99.970250"
"912810ST6","Bond","19-Year 11-Month","12/21/2020","12/31/2020","11/15/2040","98.367014"
"9127962F5","Bill","13-Week","12/21/2020","12/24/2020","03/25/2021","99.977250"
"912796B32","Bill","26-Week","12/21/2020","12/24/2020","06/24/2021","99.954500"
"912796A74","Bill","4-Week","12/17/2020","12/22/2020","01/19/2021","99.994167"
"912796B81","Bill","8-Week","12/17/2020","12/22/2020","02/16/2021","99.987556"
"9127965F2","Bill","8-Day","12/17/2020","12/21/2020","12/29/2020","99.998667"
"912796D71","Bill","105-Day","12/16/2020","12/22/2020","04/06/2021","99.975208"
"912796G29","Bill","154-Day","12/16/2020","12/22/2020","05/25/2021","99.961500"
"912796UC1","Bill","42-Day","12/15/2020","12/17/2020","01/28/2021","99.991250"
"9127964Y2","Bill","119-Day","12/15/2020","12/17/2020","04/15/2021","99.971903"
"9127964N6","Bill","13-Week","12/14/2020","12/17/2020","03/18/2021","99.981042"
"9127963H0","Bill","26-Week","12/14/2020","12/17/2020","06/17/2021","99.957028"
"912796A66","Bill","4-Week","12/10/2020","12/15/2020","01/12/2021","99.994944"
"912796B73","Bill","8-Week","12/10/2020","12/15/2020","02/09/2021","99.988333"
"912810SS8","Bond","29-Year 11-Month","12/10/2020","12/15/2020","11/15/2050","99.059547"
"912796D22","Bill","105-Day","12/09/2020","12/15/2020","03/30/2021","99.975208"
"912796F95","Bill","154-Day","12/09/2020","12/15/2020","05/18/2021","99.961500"
"91282CAV3","Note","9-Year 11-Month","12/09/2020","12/15/2020","11/15/2030","99.282076"
"91282CBA8","Note","3-Year","12/08/2020","12/15/2020","12/15/2023","99.742950"
"9127963V9","Bill","42-Day","12/08/2020","12/10/2020","01/21/2021","99.991833"
"9127964X4","Bill","119-Day","12/08/2020","12/10/2020","04/08/2021","99.973556"
"9127964M8","Bill","13-Week","12/07/2020","12/10/2020","03/11/2021","99.979778"
"912796B24","Bill","26-Week","12/07/2020","12/10/2020","06/10/2021","99.954500"
"912796A58","Bill","4-Week","12/03/2020","12/08/2020","01/05/2021","99.994167"
"912796B65","Bill","8-Week","12/03/2020","12/08/2020","02/02/2021","99.988333"
"912796C98","Bill","105-Day","12/02/2020","12/08/2020","03/23/2021","99.975208"
"912796F87","Bill","154-Day","12/02/2020","12/08/2020","05/11/2021","99.961500"
"9127963U1","Bill","42-Day","12/01/2020","12/03/2020","01/14/2021","99.990667"
"9127964P1","Bill","119-Day","12/01/2020","12/03/2020","04/01/2021","99.970250"
"9127965G0","Bill","52-Week","12/01/2020","12/03/2020","12/02/2021","99.888778"
"9127964F3","Bill","13-Week","11/30/2020","12/03/2020","03/04/2021","99.978514"
"912796A41","Bill","26-Week","11/30/2020","12/03/2020","06/03/2021","99.954500"
"9127965F2","Bill","4-Week","11/25/2020","12/01/2020","12/29/2020","99.993778"
"912796A82","Bill","8-Week","11/25/2020","12/01/2020","01/26/2021","99.987556"
"912796C80","Bill","105-Day","11/25/2020","12/01/2020","03/16/2021","99.975208"
"912796F79","Bill","154-Day","11/25/2020","12/01/2020","05/04/2021","99.961500"
"91282CAY7","Note","7-Year","11/24/2020","11/30/2020","11/30/2027","99.808717"
"9127963T4","Bill","41-Day","11/24/2020","11/27/2020","01/07/2021","99.991458"
"9127962F5","Bill","118-Day","11/24/2020","11/27/2020","03/25/2021","99.970500"
"91282CAS0","Note","1-Year 11-Month","11/24/2020","11/27/2020","10/31/2022","100.003897"
"91282CAX9","Note","2-Year","11/23/2020","11/30/2020","11/30/2022","99.920165"
"91282CAZ4","Note","5-Year","11/23/2020","11/30/2020","11/30/2025","99.891191"
"912796XE4","Bill","13-Week","11/23/2020","11/27/2020","02/25/2021","99.978750"
"912796A33","Bill","26-Week","11/23/2020","11/27/2020","05/27/2021","99.954750"
"912828ZZ6","Note","9-Year 8-Month","11/19/2020","11/30/2020","07/15/2030","111.642995"
"9127965D7","Bill","4-Week","11/19/2020","11/24/2020","12/22/2020","99.994556"
"912796A74","Bill","8-Week","11/19/2020","11/24/2020","01/19/2021","99.989111"
"912810ST6","Bond","20-Year","11/18/2020","11/30/2020","11/15/2040","99.185441"
"912796C72","Bill","105-Day","11/18/2020","11/24/2020","03/09/2021","99.973750"
"912796F20","Bill","154-Day","11/18/2020","11/24/2020","04/27/2021","99.961500"
"912796TY5","Bill","42-Day","11/17/2020","11/19/2020","12/31/2020","99.988917"
"9127964N6","Bill","119-Day","11/17/2020","11/19/2020","03/18/2021","99.968597"
"9127964D8","Bill","13-Week","11/16/2020","11/19/2020","02/18/2021","99.977250"
"9127962Y4","Bill","26-Week","11/16/2020","11/19/2020","05/20/2021","99.949444"
"9127965C9","Bill","4-Week","11/12/2020","11/17/2020","12/15/2020","99.993389"
"912796A66","Bill","8-Week","11/12/2020","11/17/2020","01/12/2021","99.986000"
"912796C23","Bill","105-Day","11/12/2020","11/17/2020","03/02/2021","99.972292"
"912796D97","Bill","154-Day","11/12/2020","11/17/2020","04/20/2021","99.957222"
"912810SS8","Bond","30-Year","11/12/2020","11/16/2020","11/15/2050","98.708151"
"91282CAV3","Note","10-Year","11/10/2020","11/16/2020","11/15/2030","99.191574"
"91282CAW1","Note","3-Year","11/09/2020","11/16/2020","11/15/2023","99.999999"
"9127963L1","Bill","42-Day","11/09/2020","11/12/2020","12/24/2020","99.988917"
"9127964C0","Bill","13-Week","11/09/2020","11/12/2020","02/11/2021","99.974722"
"9127964M8","Bill","119-Day","11/09/2020","11/12/2020","03/11/2021","99.966944"
"912796A25","Bill","26-Week","11/09/2020","11/12/2020","05/13/2021","99.944389"
"9127965B1","Bill","4-Week","11/05/2020","11/10/2020","12/08/2020","99.993778"
"912796A58","Bill","8-Week","11/05/2020","11/10/2020","01/05/2021","99.986778"
"912796B99","Bill","105-Day","11/04/2020","11/10/2020","02/23/2021","99.970833"
"912796D89","Bill","154-Day","11/04/2020","11/10/2020","04/13/2021","99.955083"
"9127963K3","Bill","42-Day","11/03/2020","11/05/2020","12/17/2020","99.990083"
"9127964F3","Bill","119-Day","11/03/2020","11/05/2020","03/04/2021","99.965292"
"9127964W6","Bill","52-Week","11/03/2020","11/05/2020","11/04/2021","99.863500"
"9127963W7","Bill","13-Week","11/02/2020","11/05/2020","02/04/2021","99.975986"
"9127965A3","Bill","26-Week","11/02/2020","11/05/2020","05/06/2021","99.944389"
"9127964U0","Bill","4-Week","10/29/2020","11/03/2020","12/01/2020","99.993778"
"9127965F2","Bill","8-Week","10/29/2020","11/03/2020","12/29/2020","99.986778"
"91282CAU5","Note","7-Year","10/29/2020","11/02/2020","10/31/2027","99.316022"
"912796B81","Bill","105-Day","10/28/2020","11/03/2020","02/16/2021","99.972292"
"912796D71","Bill","154-Day","10/28/2020","11/03/2020","04/06/2021","99.955083"
"91282CAS0","Note","2-Year","10/28/2020","11/02/2020","10/31/2022","100.000000"
"91282CAT8","Note","5-Year","10/28/2020","11/02/2020","10/31/2025","99.604038"
"91282CAR2","Note","2-Year","10/27/2020","11/02/2020","10/31/2022","99.948240"
"9127963J6","Bill","42-Day","10/27/2020","10/29/2020","12/10/2020","99.990667"
"912796XE4","Bill","119-Day","10/27/2020","10/29/2020","02/25/2021","99.966944"
"912796UC1","Bill","13-Week","10/26/2020","10/29/2020","01/28/2021","99.974722"
"9127964Z9","Bill","26-Week","10/26/2020","10/29/2020","04/29/2021","99.944389"
"91282CAQ4","Note","5-Year","10/22/2020","10/30/2020","10/15/2025","107.593657"
"9127964T3","Bill","4-Week","10/22/2020","10/27/2020","11/24/2020","99.993389"
"9127965D7","Bill","8-Week","10/22/2020","10/27/2020","12/22/2020","99.986000"
"912810SQ2","Bond","19-Year 10-Month","10/21/2020","11/02/2020","08/15/2040","95.765607"
"912796B73","Bill","105-Day","10/21/2020","10/27/2020","02/09/2021","99.970833"